{"stats":{"minecraft:mined":{"minecraft:stripped_warped_stem":1,"minecraft:white_bed":7,"minecraft:oak_sapling":2,"comforts:rope_and_nail":6,"minecraft:obsidian":16,"minecraft:granite":1,"architectschisel:oak_slab_2":1,"minecraft:grass_block":43,"minecraft:cracked_polished_blackstone_bricks":7,"realmrpg_skeletons:dungeon_crawler_skeleton":2,"minecraft:spawner":1,"minecraft:tall_seagrass":1,"minecraft:polished_blackstone_bricks":8,"minecraft:glowstone":26,"architectschisel:oak_slab_7":1,"minecraft:iron_ore":88,"minecraft:sticky_piston":3,"minecraft:fire":35,"minecraft:cobbled_deepslate":18,"minecraft:deepslate_lapis_ore":2,"minecraft:azure_bluet":1,"realmrpg_skeletons:devastated_skeleton":1,"chococraft:gysahl_green":46,"iceandfire:gold_pile":46,"architectschisel:oak_slab_3":1,"minecraft:white_banner":1,"minecraft:orange_bed":3,"minecraft:tripwire":1,"iceandfire:chared_cobblestone":4,"minecraft:blackstone":3,"minecraft:twisting_vines_plant":1,"minecraft:torch":13,"iceandfire:ghost_chest":1,"minecraft:cobblestone":52,"minecraft:oak_planks":1,"minecraft:sugar_cane":12,"minecraft:wall_torch":22,"mca:cross_headstone":1,"minecraft:skeleton_skull":2,"realmrpg_skeletons:bow_skeleton":1,"minecraft:warped_planks":9,"realmrpg_skeletons:webbed_skeleton":2,"architectschisel:oak_planks_4":1,"realmrpg_skeletons:acrobat_skeleton":2,"minecraft:wither_rose":1,"minecraft:stone_brick_stairs":1,"minecraft:grass":156,"minecraft:oak_log":120,"architectschisel:oak_slab_1":1,"minecraft:dirt":23,"minecraft:sand":17,"minecraft:netherrack":108,"minecraft:oak_leaves":189,"minecraft:deepslate":217,"iceandfire:chared_stone":6,"realmrpg_skeletons:swimmer_skeleton":1,"minecraft:crying_obsidian":5,"minecraft:tuff":57,"iceandfire:silver_ore":3,"minecraft:mossy_cobblestone":3,"minecraft:deepslate_diamond_ore":3,"minecraft:lever":3,"architectschisel:oak_planks_6":3,"minecraft:redstone_wire":1,"minecraft:spruce_leaves":6,"iceandfire:chared_grass":1,"minecraft:large_fern":1,"minecraft:hay_block":7,"minecraft:oak_trapdoor":3,"minecraft:furnace":3,"minecraft:andesite":6,"minecraft:gold_block":2,"minecraft:cobblestone_slab":4,"minecraft:vine":28,"minecraft:rail":13,"minecraft:warped_stem":274,"minecraft:stripped_oak_log":2,"minecraft:stone":408,"minecraft:oak_slab":1,"toughasnails:water_purifier":1,"minecraft:brown_carpet":3,"minecraft:stone_brick_slab":45,"comforts:hammock_white":3,"minecraft:crafting_table":9,"minecraft:copper_ore":2,"minecraft:tall_grass":24,"minecraft:deepslate_gold_ore":7,"minecraft:polished_blackstone_brick_stairs":1,"minecraft:diorite":40,"minecraft:warped_wart_block":4,"architectschisel:oak_slab_5":1,"architectschisel:oak_slab_4":1,"minecraft:spruce_log":21,"realmrpg_skeletons:melted_skeleton":1,"minecraft:coal_ore":153,"iceandfire:silver_pile":31,"minecraft:gravel":22,"minecraft:cobweb":34,"minecraft:cracked_stone_bricks":28,"minecraft:stone_bricks":68,"minecraft:mossy_stone_bricks":39,"minecraft:fern":3},"minecraft:broken":{"toughasnails:leaf_boots":2,"minecraft:iron_chestplate":1,"minecraft:stone_pickaxe":1,"minecraft:iron_sword":1,"toughasnails:leaf_leggings":1,"minecraft:chainmail_helmet":2,"toughasnails:water_canteen":8,"minecraft:shield":2,"minecraft:golden_axe":2,"minecraft:iron_axe":1,"minecraft:leather_boots":1,"minecraft:iron_pickaxe":2,"toughasnails:purified_water_canteen":25},"minecraft:killed":{"minecraft:cave_spider":2,"minecraft:zombified_piglin":1,"minecraft:witch":3,"minecraft:spider":27,"minecraft:skeleton":43,"minecraft:chicken":5,"minecraft:piglin_brute":4,"minecraft:piglin":2,"minecraft:creeper":10,"iceandfire:cockatrice":1,"minecraft:sheep":11,"minecraft:trader_llama":2,"minecraft:pillager":27,"minecraft:zombie":56,"chococraft:chocobo":7,"mca:male_zombie_villager":1,"minecraft:vindicator":4,"minecraft:horse":4,"iceandfire:fire_dragon":1,"goblintraders:goblin_trader":1,"minecraft:bat":1,"minecraft:ravager":1,"iceandfire:ghost":5,"iceandfire:ice_dragon":1,"minecraft:enderman":2},"minecraft:dropped":{"iceandfire:raw_silver":2,"minecraft:iron_sword":4,"minecraft:warped_stem":2,"minecraft:birch_planks":1,"minecraft:diamond_axe":1,"minecraft:oak_log":3,"minecraft:cooked_porkchop":203,"minecraft:crossbow":1,"minecraft:dark_oak_slab":6,"minecraft:warped_roots":1,"toughasnails:wool_boots":5,"minecraft:iron_horse_armor":1,"minecraft:cracked_stone_bricks":1,"minecraft:saddle":1,"minecraft:rail":1,"paraglider:spirit_orb":1,"minecraft:cracked_polished_blackstone_bricks":4,"minecraft:dirt":9,"minecraft:dark_oak_fence":2,"minecraft:polished_blackstone_brick_stairs":1,"minecraft:mutton":6,"iceandfire:armor_silver_metal_leggings":3,"usefulbackpacks:backpack_small":4,"minecraft:bone_meal":2,"minecraft:sand":32,"minecraft:polished_blackstone_bricks":3,"minecraft:iron_pickaxe":7,"iceandfire:armor_silver_metal_helmet":3,"minecraft:white_wool":6,"toughasnails:wool_chestplate":6,"minecraft:bone":1,"minecraft:stone_axe":1,"minecraft:cooked_chicken":64,"minecraft:golden_chestplate":1,"minecraft:cobbled_deepslate":66,"minecraft:netherite_sword":1,"minecraft:rotten_flesh":18,"minecraft:oak_planks":12,"toughasnails:water_purifier":1,"minecraft:white_bed":3,"minecraft:warped_planks":4,"minecraft:carrot":1,"minecraft:poppy":2,"minecraft:lime_bed":1,"iceandfire:armor_silver_metal_boots":3,"minecraft:skeleton_skull":1,"minecraft:charcoal":7,"minecraft:leather_boots":1,"minecraft:leather_leggings":1,"minecraft:iron_bars":2,"minecraft:arrow":663,"minecraft:warped_wart_block":3,"iceandfire:chared_grass":1,"minecraft:netherrack":1,"minecraft:enchanted_book":1,"minecraft:water_bucket":1,"minecraft:bread":33,"usefulbackpacks:backpack_medium":1,"toughasnails:water_canteen":2,"minecraft:wheat_seeds":54,"chococraft:gold_gysahl":1,"minecraft:iron_helmet":3,"toughasnails:wool_helmet":6,"minecraft:golden_axe":1,"minecraft:feather":3,"minecraft:cobblestone":18,"minecraft:granite":2,"minecraft:chainmail_helmet":2,"minecraft:coal":18,"minecraft:golden_apple":6,"mowziesmobs:wrought_axe":1,"minecraft:stick":1,"minecraft:diamond_horse_armor":2,"minecraft:diorite":4,"minecraft:torch":6,"iceandfire:silver_sword":1,"chococraft:chocobo_drumstick_raw":2,"toughasnails:leaf_boots":2,"iceandfire:armor_silver_metal_chestplate":4,"minecraft:iron_leggings":1,"toughasnails:purified_water_canteen":4,"minecraft:iron_axe":1,"minecraft:string":6,"minecraft:spruce_sapling":1,"minecraft:stone_brick_slab":1,"iceandfire:silver_nugget":294,"minecraft:furnace":2,"minecraft:anvil":1,"toughasnails:empty_canteen":1,"toughasnails:leaf_chestplate":1,"minecraft:stone_sword":3,"minecraft:raw_copper":5,"iceandfire:armor_blue_chestplate":2,"chococraft:chocobo_feather":1,"minecraft:light_gray_wool":1,"minecraft:iron_boots":2,"minecraft:name_tag":4,"minecraft:donkey_spawn_egg":1,"minecraft:deepslate_bricks":1,"minecraft:diamond_sword":4,"minecraft:shield":11,"minecraft:spruce_planks":2,"minecraft:iron_chestplate":3,"minecraft:diamond_pickaxe":4,"minecraft:andesite":2,"minecraft:mossy_stone_bricks":4,"minecraft:oak_sapling":6,"architectschisel:oak_planks_6":4,"minecraft:spider_eye":3,"minecraft:stone_bricks":4,"toughasnails:wool_leggings":6,"minecraft:brown_carpet":4,"minecraft:bow":6,"minecraft:stone_pickaxe":3},"minecraft:picked_up":{"toughasnails:leaf_leggings":1,"chococraft:loverly_gysahl_green":10,"minecraft:iron_chestplate":20,"minecraft:wheat":2,"minecraft:lead":2,"minecraft:diamond_sword":13,"minecraft:wither_rose":1,"minecraft:enchanted_book":1,"minecraft:golden_shovel":1,"minecraft:stone_brick_stairs":2,"comforts:hammock_white":4,"minecraft:golden_sword":1,"iceandfire:armor_silver_metal_chestplate":5,"iceandfire:manuscript":33,"minecraft:polished_blackstone_brick_stairs":1,"minecraft:string":205,"minecraft:raw_copper":34,"minecraft:iron_leggings":13,"minecraft:sticky_piston":3,"minecraft:gold_nugget":1009,"minecraft:cobbled_deepslate":651,"minecraft:bucket":4,"comforts:sleeping_bag_white":1,"minecraft:spruce_planks":50,"toughasnails:leaf_boots":1,"minecraft:cobblestone_slab":20,"minecraft:calcite":6,"minecraft:iron_pickaxe":46,"iceandfire:armor_bronze_boots":14,"toughasnails:wool_helmet":3,"minecraft:iron_boots":14,"minecraft:furnace":16,"minecraft:golden_helmet":12,"minecraft:stick":36,"iceandfire:ghost_chest":2,"minecraft:oak_fence":10,"minecraft:torch":417,"minecraft:golden_axe":2,"iceandfire:rotten_egg":1,"architectschisel:oak_slab_3":1,"architectschisel:oak_slab_2":1,"minecraft:diorite":60,"minecraft:warped_planks":82,"minecraft:golden_chestplate":11,"minecraft:warped_door":3,"minecraft:brown_carpet":15,"minecraft:orange_bed":3,"iceandfire:armor_silver_metal_boots":5,"minecraft:stone_sword":4,"minecraft:rotten_flesh":171,"chococraft:chocobo_drumstick_raw":7,"minecraft:obsidian":30,"minecraft:iron_bars":4,"architectschisel:iron_chisel":1,"minecraft:cobblestone":1253,"minecraft:birch_log":6,"minecraft:enchanting_table":1,"minecraft:feather":19,"minecraft:water_bucket":5,"minecraft:andesite":65,"minecraft:golden_leggings":5,"minecraft:potato":15,"paraglider:spirit_orb":23,"minecraft:flint":2,"minecraft:tuff":142,"minecraft:lapis_lazuli":99,"minecraft:dirt":213,"minecraft:name_tag":5,"minecraft:twisting_vines":2,"minecraft:leather_boots":8,"architectschisel:oak_slab_5":1,"minecraft:bone":401,"minecraft:bow":17,"minecraft:wheat_seeds":96,"minecraft:raw_gold":112,"minecraft:mossy_stone_bricks":35,"minecraft:glowstone_dust":85,"minecraft:oak_planks":122,"toughasnails:purified_water_canteen":18,"minecraft:cooked_porkchop":410,"minecraft:warped_wart_block":4,"minecraft:sand":37,"architectschisel:oak_planks_6":3,"minecraft:dark_oak_log":16,"minecraft:mossy_cobblestone":6,"iceandfire:chared_cobblestone":12,"architectschisel:oak_slab_4":1,"toughasnails:water_purifier":1,"toughasnails:water_canteen":9,"minecraft:diamond":11,"minecraft:lever":13,"waystones:waystone":1,"minecraft:cracked_polished_blackstone_bricks":10,"minecraft:crossbow":15,"minecraft:granite":13,"minecraft:golden_apple":32,"minecraft:chainmail_helmet":11,"minecraft:golden_horse_armor":1,"minecraft:emerald":2,"minecraft:bread":260,"minecraft:oak_sapling":20,"minecraft:netherrack":117,"minecraft:dark_oak_fence":8,"iceandfire:silver_nugget":294,"minecraft:oak_leaves":82,"iceandfire:raw_silver":5,"minecraft:diamond_pickaxe":17,"iceandfire:dragon_skull_lightning":1,"minecraft:charcoal":19,"minecraft:crafting_table":25,"minecraft:azure_bluet":1,"minecraft:chicken":5,"minecraft:leather_leggings":4,"minecraft:brown_mushroom":2,"minecraft:gold_block":7,"usefulbackpacks:backpack_medium":2,"minecraft:diamond_horse_armor":2,"minecraft:shield":39,"toughasnails:wool_boots":2,"toughasnails:wool_chestplate":3,"minecraft:oak_trapdoor":1,"minecraft:iron_axe":14,"minecraft:blackstone":7,"minecraft:cracked_stone_bricks":16,"usefulbackpacks:backpack_small":30,"minecraft:netherite_sword":3,"minecraft:stripped_warped_stem":1,"iceandfire:armor_silver_metal_leggings":5,"minecraft:oak_boat":3,"minecraft:iron_nugget":17,"minecraft:poppy":8,"minecraft:light_gray_wool":1,"minecraft:minecart":2,"minecraft:sugar_cane":48,"minecraft:egg":7,"minecraft:raw_iron":99,"iceandfire:dragonbone":80,"minecraft:oak_door":1,"iceandfire:armor_sapphire_chestplate":17,"minecraft:copper_ingot":6,"iceandfire:chared_grass":1,"minecraft:polished_blackstone_bricks":16,"minecraft:cookie":14,"minecraft:carrot":1,"minecraft:redstone":39,"architectschisel:oak_planks_4":1,"minecraft:iron_horse_armor":2,"iceandfire:dragon_skull_ice":5,"toughasnails:empty_canteen":18,"iceandfire:silver_ingot":4,"minecraft:arrow":423,"minecraft:deepslate_bricks":25,"minecraft:hay_block":7,"minecraft:gold_ingot":101,"minecraft:mutton":38,"minecraft:white_wool":26,"minecraft:skeleton_skull":16,"minecraft:rail":38,"minecraft:stripped_oak_log":2,"minecraft:golden_carrot":4,"minecraft:glow_ink_sac":2,"minecraft:salmon":28,"toughasnails:wool_leggings":3,"minecraft:leather":10,"minecraft:birch_planks":1,"architectschisel:oak_slab_7":1,"minecraft:oak_log":184,"iceandfire:armor_bronze_leggings":16,"iceandfire:ectoplasm":11,"minecraft:golden_boots":9,"minecraft:gunpowder":28,"mowziesmobs:wrought_axe":4,"minecraft:white_banner":13,"minecraft:cooked_mutton":213,"comforts:rope_and_nail":7,"chococraft:chocobo_feather":9,"chococraft:gysahl_green":300,"minecraft:apple":6,"minecraft:stone_bricks":54,"chococraft:gold_gysahl":6,"iceandfire:armor_silver_metal_helmet":5,"minecraft:warped_stem":824,"minecraft:iron_ingot":115,"minecraft:stone_pickaxe":3,"minecraft:cooked_chicken":3,"minecraft:cobweb":28,"minecraft:glass_bottle":1,"minecraft:iron_sword":41,"minecraft:oak_slab":1,"iceandfire:chared_stone":11,"architectschisel:oak_slab_1":1,"minecraft:smooth_basalt":7,"minecraft:dark_oak_slab":21,"minecraft:stone_brick_slab":79,"minecraft:dripstone_block":7,"minecraft:gravel":23,"minecraft:amethyst_shard":11,"chococraft:gysahl_green_seeds":106,"minecraft:spruce_sapling":8,"minecraft:white_bed":11,"minecraft:spruce_log":34,"minecraft:crying_obsidian":6,"minecraft:spider_eye":29,"minecraft:stone_axe":12,"iceandfire:silver_sword":4,"minecraft:chainmail_leggings":3,"minecraft:iron_helmet":23,"minecraft:diamond_axe":1,"minecraft:warped_roots":1,"minecraft:melon_seeds":4,"minecraft:coal":546,"minecraft:ender_pearl":5},"minecraft:custom":{"minecraft:interact_with_crafting_table":109,"goblintraders:trade_with_goblin":3,"minecraft:leave_game":14,"minecraft:time_since_death":6951,"minecraft:sprint_one_cm":2237151,"minecraft:damage_blocked_by_shield":3250,"minecraft:drop":770,"minecraft:talked_to_villager":4,"minecraft:play_time":937012,"minecraft:deaths":69,"minecraft:jump":10182,"minecraft:walk_on_water_one_cm":120281,"minecraft:enchant_item":6,"minecraft:interact_with_furnace":58,"minecraft:sleep_in_bed":36,"minecraft:waystone_activated":10,"minecraft:damage_dealt":56649,"minecraft:crouch_one_cm":6023,"minecraft:horse_one_cm":2493,"minecraft:mob_kills":233,"minecraft:climb_one_cm":14909,"minecraft:walk_one_cm":2025817,"minecraft:raid_win":1,"minecraft:sneak_time":5907,"minecraft:walk_under_water_one_cm":38853,"minecraft:boat_one_cm":9657,"minecraft:total_world_time":937012,"minecraft:raid_trigger":2,"minecraft:time_since_rest":6978,"minecraft:damage_taken":2147483647,"minecraft:damage_absorbed":40,"minecraft:trigger_trapped_chest":4,"minecraft:swim_one_cm":57173,"minecraft:fly_one_cm":2950235,"minecraft:open_chest":301,"minecraft:fall_one_cm":237141},"minecraft:used":{"iceandfire:dragon_skull_ice":1,"minecraft:chest":7,"minecraft:shield":87,"minecraft:iron_sword":670,"minecraft:rotten_flesh":9,"comforts:hammock_white":5,"minecraft:iron_chestplate":5,"chococraft:chocobo_drumstick_cooked":2,"mowziesmobs:frostmaw_spawn_egg":1,"architectschisel:oak_slab_6":2,"architectschisel:oak_slab_4":1,"minecraft:tuff":8,"minecraft:snowball":4,"minecraft:azure_bluet":1,"minecraft:obsidian":10,"minecraft:lava_bucket":1,"minecraft:iron_helmet":2,"iceandfire:armor_silver_metal_leggings":1,"minecraft:dark_oak_slab":1,"minecraft:stone_brick_stairs":1,"minecraft:stone_bricks":27,"architectschisel:oak_slab_7":1,"minecraft:brown_carpet":1,"minecraft:bow":42,"iceandfire:chared_stone":2,"minecraft:oak_sapling":5,"minecraft:furnace":3,"architectschisel:oak_planks_4":1,"minecraft:egg":6,"architectschisel:oak_slab_3":1,"minecraft:golden_boots":4,"iceandfire:armor_bronze_boots":2,"minecraft:mossy_stone_bricks":16,"minecraft:diorite":1,"minecraft:leather_leggings":3,"iceandfire:armor_sapphire_chestplate":4,"minecraft:stone_pickaxe":258,"minecraft:oak_planks":1,"minecraft:blackstone":1,"minecraft:chainmail_helmet":3,"minecraft:sugar_cane":10,"toughasnails:water_canteen":77,"minecraft:cookie":8,"minecraft:golden_apple":2,"iceandfire:armor_silver_metal_boots":1,"minecraft:sand":5,"minecraft:crossbow":5,"minecraft:dripstone_block":7,"minecraft:shears":91,"architectschisel:oak_slab_2":1,"architectschisel:oak_planks_6":150,"waystones:waystone":6,"minecraft:crying_obsidian":4,"minecraft:bread":57,"minecraft:string":2,"minecraft:gravel":20,"minecraft:golden_helmet":2,"minecraft:diamond_sword":470,"minecraft:andesite":2,"chococraft:gysahl_green":100,"minecraft:oak_boat":3,"architectschisel:oak_slab_1":1,"minecraft:bone_meal":7,"minecraft:oak_trapdoor":9,"minecraft:netherite_sword":225,"minecraft:enchanting_table":1,"minecraft:stone_sword":20,"iceandfire:silver_sword":11,"minecraft:flint_and_steel":1,"toughasnails:leaf_boots":3,"minecraft:cooked_chicken":11,"minecraft:netherrack":87,"minecraft:oak_door":1,"minecraft:orange_bed":3,"minecraft:torch":274,"minecraft:dirt":68,"minecraft:warped_wart_block":1,"toughasnails:empty_canteen":30,"minecraft:warped_door":2,"minecraft:golden_chestplate":2,"iceandfire:armor_silver_metal_helmet":1,"minecraft:stone_brick_slab":14,"minecraft:iron_axe":347,"iceandfire:armor_bronze_leggings":5,"minecraft:iron_boots":1,"minecraft:glowstone":1,"minecraft:golden_carrot":3,"minecraft:cobbled_deepslate":125,"minecraft:golden_axe":33,"minecraft:iron_leggings":1,"minecraft:cooked_mutton":28,"minecraft:water_bucket":5,"minecraft:warped_stem":47,"toughasnails:leaf_leggings":3,"minecraft:cobblestone_slab":4,"minecraft:leather_boots":2,"minecraft:cracked_stone_bricks":11,"minecraft:polished_blackstone_bricks":5,"minecraft:mossy_cobblestone":3,"minecraft:oak_slab":1,"minecraft:crafting_table":13,"minecraft:spider_eye":1,"minecraft:white_bed":10,"minecraft:spruce_log":1,"minecraft:warped_planks":114,"iceandfire:armor_silver_metal_chestplate":1,"mowziesmobs:wrought_axe":1,"minecraft:oak_log":22,"minecraft:diamond_pickaxe":515,"minecraft:apple":1,"minecraft:cracked_polished_blackstone_bricks":2,"minecraft:iron_pickaxe":794,"toughasnails:leaf_chestplate":2,"minecraft:stone_axe":104,"comforts:rope_and_nail":9,"minecraft:cobblestone":273,"architectschisel:oak_slab_5":1,"minecraft:white_banner":3,"minecraft:cooked_porkchop":17,"minecraft:bucket":8,"toughasnails:purified_water_canteen":138,"minecraft:wither_rose":1},"minecraft:crafted":{"minecraft:oak_planks":260,"minecraft:cooked_chicken":5,"comforts:hammock_white":1,"toughasnails:leaf_leggings":3,"minecraft:cooked_mutton":6,"minecraft:warped_planks":212,"minecraft:chest":7,"toughasnails:leaf_helmet":2,"minecraft:oak_slab":6,"toughasnails:leaf_boots":6,"minecraft:crafting_table":11,"minecraft:spruce_planks":68,"minecraft:birch_planks":4,"minecraft:warped_door":3,"architectschisel:iron_chisel":1,"minecraft:dark_oak_slab":24,"minecraft:iron_chestplate":1,"minecraft:diamond_pickaxe":1,"minecraft:charcoal":21,"minecraft:shield":5,"minecraft:stick":132,"comforts:rope_and_nail":2,"minecraft:iron_ingot":47,"minecraft:iron_pickaxe":5,"minecraft:stone_sword":1,"minecraft:gold_ingot":38,"minecraft:shears":2,"chococraft:chocobo_drumstick_cooked":2,"iceandfire:dragon_stick":1,"minecraft:furnace":3,"minecraft:bone_meal":9,"minecraft:oak_trapdoor":8,"minecraft:flint_and_steel":1,"minecraft:iron_axe":3,"minecraft:stone_pickaxe":2,"minecraft:dark_oak_planks":16,"minecraft:wheat":63,"minecraft:diamond_sword":3,"toughasnails:leaf_chestplate":3,"minecraft:enchanting_table":1,"minecraft:iron_sword":6,"minecraft:bucket":1,"minecraft:stone_axe":3,"minecraft:glowstone":1,"minecraft:bread":21,"minecraft:oak_boat":2,"minecraft:white_wool":5,"minecraft:white_bed":2,"minecraft:torch":328},"minecraft:killed_by":{"minecraft:creeper":1,"minecraft:pillager":3,"minecraft:ravager":1,"minecraft:zombie":4,"iceandfire:fire_dragon":3,"minecraft:player":4,"minecraft:spider":4,"minecraft:enderman":1,"mowziesmobs:ferrous_wroughtnaut":5,"iceandfire:gorgon":4,"minecraft:skeleton":9,"iceandfire:ghost":4,"iceandfire:cockatrice":2}},"DataVersion":3465}