{"stats":{"minecraft:crafted":{"minecraft:oak_planks":276,"minecraft:cooked_chicken":5,"comforts:hammock_white":1,"spartanshields:iron_basic_shield":1,"minecraft:cooked_mutton":6,"minecraft:warped_planks":340,"minecraft:chest":11,"minecraft:oak_slab":6,"minecraft:crafting_table":11,"minecraft:spruce_planks":68,"minecraft:wooden_pickaxe":1,"minecraft:baked_potato":3,"minecraft:birch_planks":4,"minecraft:warped_door":3,"minecraft:dark_oak_slab":24,"minecraft:iron_chestplate":1,"minecraft:charcoal":21,"minecraft:diamond_pickaxe":1,"minecraft:shield":5,"minecraft:stick":152,"comforts:rope_and_nail":2,"minecraft:iron_ingot":58,"minecraft:iron_pickaxe":5,"minecraft:stone_sword":2,"minecraft:gold_ingot":45,"spartanshields:wooden_basic_shield":1,"minecraft:shears":2,"chococraft:chocobo_drumstick_cooked":2,"iceandfire:dragon_stick":1,"minecraft:furnace":3,"minecraft:bone_meal":9,"minecraft:oak_trapdoor":8,"minecraft:flint_and_steel":1,"minecraft:iron_axe":3,"minecraft:stone_pickaxe":4,"minecraft:dark_oak_planks":16,"sophisticatedbackpacks:iron_backpack":1,"minecraft:wheat":63,"minecraft:diamond_sword":3,"minecraft:enchanting_table":1,"minecraft:iron_sword":6,"sophisticatedbackpacks:gold_backpack":1,"minecraft:bucket":1,"minecraft:stone_axe":3,"minecraft:glowstone":1,"minecraft:bread":21,"minecraft:air":0,"minecraft:oak_boat":2,"minecraft:white_wool":5,"minecraft:white_bed":2,"minecraft:torch":332},"minecraft:custom":{"minecraft:interact_with_crafting_table":137,"goblintraders:trade_with_goblin":3,"minecraft:leave_game":18,"minecraft:time_since_death":1991,"minecraft:sprint_one_cm":2619652,"minecraft:damage_blocked_by_shield":4893,"minecraft:drop":795,"minecraft:talked_to_villager":4,"minecraft:play_time":1158350,"minecraft:deaths":91,"minecraft:jump":12183,"minecraft:walk_on_water_one_cm":151618,"minecraft:enchant_item":7,"minecraft:interact_with_furnace":71,"minecraft:sleep_in_bed":37,"minecraft:waystone_activated":10,"minecraft:damage_dealt":69980,"minecraft:crouch_one_cm":14971,"tombstone:undead_killed":40,"minecraft:horse_one_cm":2493,"minecraft:mob_kills":286,"minecraft:damage_dealt_resisted":75,"minecraft:climb_one_cm":18856,"minecraft:walk_one_cm":2472464,"minecraft:damage_dealt_absorbed":80,"minecraft:raid_win":1,"minecraft:sneak_time":11922,"minecraft:walk_under_water_one_cm":58624,"minecraft:boat_one_cm":9657,"minecraft:total_world_time":1158350,"spartanshields:shield_bash_hits":2,"minecraft:raid_trigger":2,"minecraft:time_since_rest":1609,"minecraft:damage_taken":2147483647,"minecraft:damage_absorbed":40,"minecraft:trigger_trapped_chest":4,"minecraft:swim_one_cm":57714,"minecraft:fly_one_cm":3825768,"minecraft:open_chest":422,"minecraft:fall_one_cm":277773},"minecraft:mined":{"minecraft:stripped_warped_stem":1,"minecraft:white_bed":7,"minecraft:oak_sapling":2,"comforts:rope_and_nail":6,"minecraft:obsidian":16,"minecraft:granite":1,"minecraft:grass_block":56,"minecraft:cracked_polished_blackstone_bricks":7,"realmrpg_skeletons:dungeon_crawler_skeleton":3,"minecraft:spawner":1,"minecraft:tall_seagrass":1,"minecraft:polished_blackstone_bricks":8,"minecraft:glowstone":26,"minecraft:iron_ore":89,"minecraft:sticky_piston":3,"minecraft:fire":35,"minecraft:cobbled_deepslate":18,"minecraft:deepslate_lapis_ore":2,"minecraft:azure_bluet":1,"realmrpg_skeletons:devastated_skeleton":1,"chococraft:gysahl_green":58,"iceandfire:gold_pile":48,"minecraft:white_banner":1,"minecraft:orange_bed":3,"minecraft:tripwire":1,"iceandfire:chared_cobblestone":12,"minecraft:blackstone":3,"minecraft:twisting_vines_plant":1,"minecraft:torch":13,"iceandfire:ghost_chest":1,"minecraft:cobblestone":56,"minecraft:oak_planks":1,"minecraft:sugar_cane":18,"minecraft:wall_torch":24,"mca:cross_headstone":1,"minecraft:skeleton_skull":2,"realmrpg_skeletons:bow_skeleton":1,"minecraft:warped_planks":9,"realmrpg_skeletons:webbed_skeleton":2,"realmrpg_skeletons:acrobat_skeleton":2,"minecraft:wither_rose":1,"minecraft:stone_brick_stairs":1,"minecraft:grass":171,"minecraft:oak_log":124,"minecraft:dirt":36,"minecraft:sand":22,"minecraft:netherrack":108,"minecraft:oak_leaves":189,"minecraft:deepslate":219,"iceandfire:chared_stone":11,"realmrpg_skeletons:swimmer_skeleton":1,"minecraft:diamond_ore":1,"minecraft:crying_obsidian":5,"minecraft:tuff":59,"iceandfire:silver_ore":4,"minecraft:mossy_cobblestone":3,"minecraft:deepslate_diamond_ore":4,"minecraft:lever":3,"minecraft:redstone_wire":1,"minecraft:spruce_leaves":6,"iceandfire:chared_grass":1,"minecraft:large_fern":1,"minecraft:hay_block":7,"minecraft:oak_trapdoor":3,"minecraft:furnace":3,"minecraft:andesite":21,"minecraft:gold_block":2,"minecraft:deepslate_iron_ore":26,"minecraft:cobblestone_slab":4,"minecraft:vine":31,"minecraft:rail":13,"minecraft:warped_stem":274,"minecraft:stripped_oak_log":2,"minecraft:stone":546,"minecraft:oak_slab":1,"minecraft:brown_carpet":3,"minecraft:stone_brick_slab":45,"comforts:hammock_white":3,"minecraft:crafting_table":9,"minecraft:copper_ore":3,"minecraft:tall_grass":24,"minecraft:lapis_ore":4,"minecraft:deepslate_gold_ore":13,"minecraft:polished_blackstone_brick_stairs":1,"minecraft:diorite":64,"minecraft:warped_wart_block":4,"minecraft:ice":4,"minecraft:spruce_log":21,"realmrpg_skeletons:melted_skeleton":1,"minecraft:coal_ore":179,"iceandfire:silver_pile":31,"minecraft:gravel":22,"minecraft:cobweb":34,"minecraft:cracked_stone_bricks":28,"minecraft:stone_bricks":68,"minecraft:mossy_stone_bricks":39,"minecraft:fern":3},"minecraft:broken":{"minecraft:iron_boots":1,"minecraft:iron_chestplate":1,"minecraft:iron_leggings":1,"minecraft:stone_pickaxe":1,"spartanshields:iron_basic_shield":1,"minecraft:iron_sword":1,"spartanshields:obsidian_tower_shield":2,"spartanshields:iron_tower_shield":1,"minecraft:chainmail_helmet":2,"minecraft:shield":2,"minecraft:golden_axe":2,"minecraft:iron_axe":1,"minecraft:leather_boots":1,"minecraft:iron_pickaxe":2,"minecraft:iron_helmet":1},"minecraft:killed_by":{"minecraft:creeper":1,"minecraft:pillager":3,"minecraft:ravager":1,"minecraft:cave_spider":1,"minecraft:zombie":6,"mowziesmobs:frostmaw":1,"royalvariations:royal_zombie":1,"iceandfire:fire_dragon":3,"minecraft:player":8,"minecraft:spider":4,"minecraft:enderman":1,"mowziesmobs:ferrous_wroughtnaut":13,"iceandfire:gorgon":4,"minecraft:skeleton":10,"iceandfire:ghost":4,"iceandfire:cockatrice":2},"minecraft:dropped":{"iceandfire:chared_stone":6,"iceandfire:raw_silver":2,"minecraft:iron_sword":4,"minecraft:warped_stem":2,"minecraft:birch_planks":1,"minecraft:diamond_axe":1,"minecraft:oak_log":3,"minecraft:cooked_porkchop":203,"mowziesmobs:ice_crystal":1,"minecraft:crossbow":1,"minecraft:dark_oak_slab":6,"minecraft:warped_roots":1,"minecraft:iron_horse_armor":1,"minecraft:cracked_stone_bricks":1,"minecraft:saddle":1,"minecraft:rail":27,"paraglider:spirit_orb":1,"minecraft:cracked_polished_blackstone_bricks":4,"minecraft:dirt":9,"minecraft:dark_oak_fence":2,"minecraft:polished_blackstone_brick_stairs":1,"minecraft:mutton":6,"iceandfire:armor_silver_metal_leggings":3,"minecraft:bone_meal":2,"minecraft:sand":32,"minecraft:polished_blackstone_bricks":3,"minecraft:iron_pickaxe":7,"iceandfire:armor_silver_metal_helmet":3,"minecraft:white_wool":6,"minecraft:bone":2,"minecraft:stone_axe":1,"minecraft:cooked_chicken":64,"minecraft:golden_chestplate":1,"minecraft:cobbled_deepslate":66,"minecraft:netherite_sword":1,"tombstone:gift":1,"minecraft:rotten_flesh":18,"minecraft:oak_planks":26,"minecraft:white_bed":3,"minecraft:warped_planks":4,"minecraft:carrot":1,"minecraft:poppy":2,"minecraft:lime_bed":1,"iceandfire:armor_silver_metal_boots":3,"minecraft:skeleton_skull":1,"simplehats:hatbag_uncommon":1,"minecraft:charcoal":7,"minecraft:leather_boots":1,"minecraft:leather_leggings":1,"minecraft:iron_bars":2,"minecraft:arrow":663,"minecraft:warped_wart_block":3,"iceandfire:chared_grass":1,"minecraft:netherrack":1,"minecraft:enchanted_book":1,"minecraft:water_bucket":1,"minecraft:bread":33,"minecraft:wheat_seeds":54,"chococraft:gold_gysahl":1,"minecraft:iron_helmet":3,"minecraft:golden_axe":1,"minecraft:feather":3,"minecraft:cobblestone":44,"minecraft:granite":2,"minecraft:chainmail_helmet":2,"minecraft:coal":22,"minecraft:golden_apple":6,"mowziesmobs:wrought_axe":3,"minecraft:stick":5,"minecraft:diamond_horse_armor":2,"minecraft:diorite":20,"minecraft:torch":6,"iceandfire:silver_sword":1,"chococraft:chocobo_drumstick_raw":2,"iceandfire:armor_silver_metal_chestplate":4,"minecraft:iron_leggings":2,"mowziesmobs:wrought_helmet":1,"minecraft:iron_axe":1,"minecraft:string":6,"minecraft:spruce_sapling":1,"minecraft:stone_brick_slab":1,"iceandfire:silver_nugget":294,"minecraft:furnace":2,"minecraft:anvil":1,"minecraft:stone_sword":3,"minecraft:raw_copper":5,"iceandfire:armor_blue_chestplate":2,"chococraft:chocobo_feather":1,"minecraft:experience_bottle":4,"minecraft:light_gray_wool":1,"minecraft:iron_boots":2,"sophisticatedbackpacks:backpack":1,"minecraft:name_tag":4,"minecraft:donkey_spawn_egg":1,"minecraft:deepslate_bricks":1,"minecraft:diamond_sword":4,"minecraft:shield":11,"simplehats:hatbag_common":1,"iceandfire:chared_cobblestone":14,"minecraft:spruce_planks":2,"minecraft:iron_chestplate":4,"minecraft:diamond_pickaxe":4,"minecraft:andesite":2,"minecraft:mossy_stone_bricks":4,"minecraft:oak_sapling":6,"minecraft:spider_eye":3,"minecraft:stone_bricks":4,"minecraft:brown_carpet":4,"minecraft:bow":7,"minecraft:stone_pickaxe":3,"minecraft:wooden_pickaxe":1},"minecraft:killed":{"minecraft:cave_spider":5,"minecraft:zombified_piglin":1,"minecraft:witch":3,"minecraft:spider":29,"mowziesmobs:frostmaw":1,"minecraft:skeleton":54,"minecraft:chicken":5,"minecraft:piglin_brute":4,"minecraft:piglin":2,"minecraft:creeper":14,"iceandfire:cockatrice":1,"minecraft:sheep":11,"minecraft:trader_llama":2,"minecraft:pillager":27,"minecraft:zombie":80,"mca:female_zombie_villager":1,"chococraft:chocobo":7,"mca:male_zombie_villager":2,"minecraft:vindicator":4,"minecraft:horse":4,"mowziesmobs:ferrous_wroughtnaut":1,"iceandfire:fire_dragon":1,"goblintraders:goblin_trader":1,"minecraft:bat":1,"minecraft:ravager":1,"minecraft:polar_bear":1,"royalvariations:royal_zombie":2,"iceandfire:ghost":6,"iceandfire:ice_dragon":1,"minecraft:enderman":3},"minecraft:used":{"iceandfire:dragon_skull_ice":1,"minecraft:chest":11,"minecraft:shield":87,"minecraft:iron_sword":694,"comforts:hammock_white":5,"minecraft:rotten_flesh":19,"minecraft:iron_chestplate":6,"chococraft:chocobo_drumstick_cooked":2,"mowziesmobs:frostmaw_spawn_egg":2,"minecraft:tuff":8,"minecraft:snowball":4,"minecraft:azure_bluet":1,"minecraft:obsidian":10,"minecraft:lava_bucket":1,"iceandfire:armor_silver_metal_leggings":1,"minecraft:iron_helmet":3,"minecraft:dark_oak_slab":1,"minecraft:stone_brick_stairs":1,"minecraft:stone_bricks":27,"spartanshields:iron_basic_shield":11,"minecraft:brown_carpet":1,"minecraft:bow":42,"iceandfire:chared_stone":10,"minecraft:oak_sapling":5,"minecraft:furnace":3,"minecraft:egg":9,"minecraft:golden_boots":4,"iceandfire:armor_bronze_boots":2,"minecraft:mossy_stone_bricks":16,"minecraft:diorite":9,"minecraft:leather_leggings":3,"iceandfire:armor_sapphire_chestplate":4,"minecraft:stone_pickaxe":258,"minecraft:oak_planks":1,"minecraft:blackstone":1,"minecraft:wooden_pickaxe":7,"minecraft:chainmail_helmet":3,"minecraft:sugar_cane":22,"minecraft:cookie":8,"minecraft:golden_apple":2,"iceandfire:armor_silver_metal_boots":1,"minecraft:sand":5,"minecraft:crossbow":5,"minecraft:dripstone_block":7,"minecraft:shears":91,"waystones:waystone":6,"minecraft:crying_obsidian":4,"minecraft:bread":64,"minecraft:string":2,"minecraft:gravel":20,"minecraft:golden_helmet":2,"minecraft:diamond_sword":696,"minecraft:andesite":2,"chococraft:gysahl_green":101,"minecraft:oak_boat":3,"minecraft:bone_meal":7,"minecraft:oak_trapdoor":9,"minecraft:netherite_sword":225,"chisel:large/oak_planks":153,"minecraft:enchanting_table":1,"minecraft:stone_sword":55,"iceandfire:silver_sword":11,"minecraft:flint_and_steel":1,"minecraft:cooked_chicken":11,"minecraft:netherrack":87,"minecraft:oak_door":1,"endrem:lost_eye":1,"minecraft:orange_bed":3,"minecraft:torch":276,"minecraft:dirt":90,"minecraft:warped_wart_block":1,"minecraft:warped_door":2,"minecraft:golden_chestplate":2,"iceandfire:armor_silver_metal_helmet":1,"minecraft:stone_brick_slab":14,"minecraft:iron_axe":347,"iceandfire:armor_bronze_leggings":5,"minecraft:iron_boots":1,"minecraft:glowstone":1,"minecraft:golden_carrot":4,"tombstone:gift":1,"minecraft:cobbled_deepslate":128,"minecraft:golden_axe":33,"minecraft:iron_leggings":1,"minecraft:cooked_mutton":28,"tombstone:scroll_of_knowledge":1,"minecraft:water_bucket":5,"minecraft:warped_stem":47,"chisel:crude_horizontal/oak_planks":4,"minecraft:baked_potato":3,"minecraft:cobblestone_slab":4,"minecraft:leather_boots":2,"spartanshields:iron_tower_shield":2,"minecraft:cracked_stone_bricks":11,"minecraft:polished_blackstone_bricks":5,"minecraft:salmon":1,"minecraft:mossy_cobblestone":3,"minecraft:oak_slab":1,"minecraft:crafting_table":13,"minecraft:spider_eye":1,"minecraft:white_bed":10,"minecraft:spruce_log":1,"iceandfire:armor_silver_metal_chestplate":1,"minecraft:warped_planks":114,"mowziesmobs:wrought_axe":4,"minecraft:oak_log":22,"minecraft:diamond_pickaxe":543,"minecraft:apple":1,"minecraft:cracked_polished_blackstone_bricks":2,"minecraft:iron_pickaxe":1029,"minecraft:stone_axe":104,"comforts:rope_and_nail":9,"minecraft:cobblestone":298,"minecraft:white_banner":3,"minecraft:cooked_porkchop":17,"minecraft:bucket":8,"minecraft:wither_rose":1,"minecraft:smooth_stone":3,"spartanshields:obsidian_tower_shield":4},"minecraft:picked_up":{"minecraft:iron_chestplate":22,"chococraft:loverly_gysahl_green":14,"minecraft:wheat":2,"simplehats:hatbag_rare":1,"minecraft:lead":2,"minecraft:diamond_sword":16,"minecraft:wither_rose":1,"minecraft:enchanted_book":1,"minecraft:golden_shovel":1,"minecraft:stone_brick_stairs":2,"comforts:hammock_white":4,"minecraft:golden_sword":1,"iceandfire:armor_silver_metal_chestplate":5,"iceandfire:manuscript":33,"minecraft:polished_blackstone_brick_stairs":1,"minecraft:string":229,"minecraft:raw_copper":42,"minecraft:iron_leggings":14,"minecraft:sticky_piston":3,"minecraft:activator_rail":5,"minecraft:smooth_stone":8,"minecraft:gold_nugget":1273,"minecraft:cobbled_deepslate":694,"minecraft:bucket":4,"comforts:sleeping_bag_white":1,"minecraft:spruce_planks":60,"minecraft:cobblestone_slab":20,"minecraft:calcite":6,"minecraft:iron_pickaxe":47,"iceandfire:armor_bronze_boots":14,"minecraft:iron_boots":15,"minecraft:furnace":16,"minecraft:golden_helmet":12,"minecraft:stick":37,"iceandfire:ghost_chest":2,"minecraft:oak_fence":10,"simplehats:nekoears":1,"minecraft:torch":434,"minecraft:golden_axe":2,"iceandfire:rotten_egg":2,"tombstone:grave_dust":6,"minecraft:diorite":84,"minecraft:warped_planks":82,"minecraft:golden_chestplate":11,"minecraft:warped_door":3,"minecraft:brown_carpet":15,"minecraft:orange_bed":3,"iceandfire:armor_silver_metal_boots":5,"minecraft:stone_sword":4,"minecraft:rotten_flesh":267,"chococraft:chocobo_drumstick_raw":7,"minecraft:obsidian":30,"minecraft:iron_bars":5,"minecraft:cobblestone":1405,"minecraft:birch_log":6,"minecraft:enchanting_table":1,"minecraft:feather":19,"minecraft:water_bucket":5,"minecraft:andesite":80,"minecraft:golden_leggings":5,"minecraft:potato":15,"paraglider:spirit_orb":23,"minecraft:flint":2,"minecraft:tuff":142,"minecraft:lapis_lazuli":134,"minecraft:dirt":255,"simplehats:hatbag_epic":3,"minecraft:name_tag":6,"minecraft:twisting_vines":2,"minecraft:leather_boots":8,"minecraft:bone":416,"simplehats:artsy":1,"minecraft:bow":18,"minecraft:wheat_seeds":98,"minecraft:raw_gold":124,"minecraft:mossy_stone_bricks":35,"simplehats:hatbag_uncommon":3,"minecraft:glowstone_dust":85,"minecraft:oak_planks":122,"endrem:lost_eye":1,"spartanshields:iron_tower_shield":1,"minecraft:cooked_porkchop":410,"simplehats:alien_antennae":1,"minecraft:warped_wart_block":4,"minecraft:sand":45,"minecraft:dark_oak_log":16,"minecraft:mossy_cobblestone":6,"iceandfire:chared_cobblestone":26,"minecraft:iron_hoe":1,"minecraft:bundle":1,"spartanshields:obsidian_tower_shield":1,"minecraft:diamond":16,"minecraft:lever":13,"waystones:waystone":1,"sophisticatedbackpacks:gold_backpack":3,"minecraft:cracked_polished_blackstone_bricks":10,"minecraft:crossbow":15,"minecraft:granite":13,"minecraft:golden_apple":33,"minecraft:chainmail_helmet":11,"minecraft:golden_horse_armor":1,"minecraft:emerald":10,"minecraft:bread":266,"simplehats:rgbbowler":1,"minecraft:oak_sapling":20,"minecraft:netherrack":117,"minecraft:dark_oak_fence":8,"iceandfire:silver_nugget":294,"minecraft:oak_leaves":82,"iceandfire:raw_silver":7,"minecraft:diamond_pickaxe":21,"iceandfire:dragon_skull_lightning":1,"minecraft:charcoal":19,"minecraft:crafting_table":25,"minecraft:azure_bluet":1,"minecraft:chicken":5,"minecraft:golden_pickaxe":1,"minecraft:leather_leggings":4,"minecraft:brown_mushroom":2,"minecraft:gold_block":11,"simplehats:mohawk":1,"minecraft:diamond_horse_armor":2,"minecraft:shield":39,"minecraft:oak_trapdoor":1,"minecraft:iron_axe":14,"minecraft:blackstone":7,"minecraft:cracked_stone_bricks":16,"minecraft:detector_rail":5,"minecraft:netherite_sword":3,"minecraft:stripped_warped_stem":1,"iceandfire:armor_silver_metal_leggings":5,"minecraft:oak_boat":3,"simplehats:snowmanbaby":1,"minecraft:iron_nugget":17,"minecraft:poppy":8,"minecraft:light_gray_wool":1,"minecraft:minecart":2,"minecraft:sugar_cane":60,"minecraft:egg":11,"minecraft:raw_iron":124,"iceandfire:dragonbone":80,"simplehats:hatbag_common":10,"minecraft:oak_door":1,"iceandfire:armor_sapphire_chestplate":17,"minecraft:copper_ingot":6,"iceandfire:chared_grass":1,"sophisticatedbackpacks:backpack":2,"minecraft:polished_blackstone_bricks":16,"minecraft:cookie":14,"minecraft:carrot":1,"minecraft:redstone":39,"minecraft:iron_horse_armor":2,"simplehats:bigcrown":1,"iceandfire:dragon_skull_ice":5,"minecraft:diamond_chestplate":3,"iceandfire:silver_ingot":4,"minecraft:arrow":439,"minecraft:deepslate_bricks":25,"minecraft:hay_block":7,"mowziesmobs:ice_crystal":1,"minecraft:gold_ingot":110,"minecraft:glow_berries":8,"minecraft:mutton":38,"minecraft:white_wool":26,"minecraft:skeleton_skull":16,"minecraft:rail":68,"minecraft:stripped_oak_log":2,"minecraft:golden_carrot":5,"minecraft:glow_ink_sac":2,"minecraft:salmon":29,"minecraft:leather":10,"minecraft:birch_planks":1,"spelunkers_charm:old_miners_bundle":2,"minecraft:chainmail_chestplate":1,"minecraft:oak_log":188,"iceandfire:armor_bronze_leggings":16,"iceandfire:ectoplasm":11,"minecraft:golden_boots":9,"minecraft:gunpowder":32,"mowziesmobs:wrought_axe":7,"minecraft:white_banner":13,"minecraft:cooked_mutton":213,"comforts:rope_and_nail":7,"chococraft:chocobo_feather":9,"chococraft:gysahl_green":331,"minecraft:apple":6,"minecraft:stone_bricks":54,"simplehats:mimic_head":1,"chococraft:gold_gysahl":7,"iceandfire:armor_silver_metal_helmet":5,"minecraft:warped_stem":824,"minecraft:iron_ingot":117,"minecraft:stone_pickaxe":3,"minecraft:cooked_chicken":3,"minecraft:cobweb":33,"minecraft:glass_bottle":1,"minecraft:iron_sword":43,"minecraft:oak_slab":1,"iceandfire:chared_stone":25,"minecraft:smooth_basalt":7,"minecraft:dark_oak_slab":21,"minecraft:stone_brick_slab":79,"minecraft:dripstone_block":7,"mowziesmobs:wrought_helmet":1,"minecraft:gravel":27,"minecraft:amethyst_shard":11,"chococraft:gysahl_green_seeds":166,"minecraft:spruce_sapling":8,"minecraft:white_bed":11,"minecraft:spruce_log":34,"minecraft:crying_obsidian":6,"minecraft:spider_eye":33,"simplehats:brownbrick":1,"tombstone:scroll_of_knowledge":1,"minecraft:stone_axe":12,"iceandfire:silver_sword":4,"simplehats:thumbnail":1,"minecraft:chainmail_leggings":3,"minecraft:iron_helmet":27,"minecraft:diamond_axe":1,"minecraft:warped_roots":1,"tombstone:magic_scroll":2,"simplehats:acornhat":1,"minecraft:melon_seeds":7,"minecraft:coal":577,"minecraft:ender_pearl":5}},"DataVersion":3465}