{"stats":{"minecraft:crafted":{"minecraft:furnace":1,"minecraft:stone_pickaxe":2,"minecraft:emerald":2,"minecraft:spruce_planks":118,"minecraft:bucket":1,"minecraft:stone_axe":2,"minecraft:shield":1,"minecraft:stick":12,"minecraft:iron_pickaxe":1,"minecraft:iron_ingot":23,"minecraft:iron_leggings":1,"minecraft:torch":20},"minecraft:custom":{"minecraft:interact_with_anvil":1,"minecraft:mob_kills":43,"goblintraders:trade_with_goblin":7,"minecraft:interact_with_crafting_table":15,"minecraft:leave_game":3,"minecraft:time_since_death":45782,"minecraft:climb_one_cm":1865,"minecraft:sprint_one_cm":474665,"minecraft:walk_one_cm":1191832,"minecraft:damage_blocked_by_shield":70,"minecraft:drop":172,"minecraft:talked_to_villager":1,"minecraft:play_time":228689,"minecraft:deaths":18,"minecraft:sneak_time":1156,"minecraft:walk_under_water_one_cm":21852,"minecraft:jump":3770,"minecraft:walk_on_water_one_cm":44082,"minecraft:total_world_time":228689,"minecraft:interact_with_furnace":32,"minecraft:sleep_in_bed":7,"minecraft:time_since_rest":13599,"minecraft:waystone_activated":3,"minecraft:damage_taken":6143,"minecraft:damage_dealt":9078,"minecraft:swim_one_cm":39081,"minecraft:fly_one_cm":593972,"minecraft:player_kills":1,"minecraft:open_chest":137,"minecraft:crouch_one_cm":1623,"tombstone:undead_killed":9,"minecraft:fall_one_cm":76871,"minecraft:horse_one_cm":297192},"minecraft:mined":{"minecraft:nether_gold_ore":5,"minecraft:blue_carpet":1,"minecraft:diamond_ore":1,"minecraft:spruce_planks":1,"minecraft:white_bed":2,"iceandfire:silver_ore":2,"minecraft:deepslate_diamond_ore":1,"minecraft:grass_block":10,"minecraft:spruce_leaves":1,"minecraft:spawner":1,"minecraft:large_fern":1,"minecraft:polished_blackstone_bricks":2,"minecraft:polished_basalt":2,"minecraft:iron_ore":49,"minecraft:fire":7,"minecraft:andesite":20,"minecraft:gold_block":18,"iceandfire:gold_pile":4,"minecraft:deepslate_iron_ore":3,"realmrpg_skeletons:rookie_skeleton":1,"minecraft:iron_bars":1,"chococraft:gysahl_green":71,"minecraft:rail":2,"minecraft:packed_ice":5,"minecraft:stone":137,"iceandfire:chared_cobblestone":1,"minecraft:red_bed":1,"minecraft:torch":6,"minecraft:emerald_ore":1,"minecraft:copper_ore":2,"minecraft:tall_grass":1,"minecraft:cobblestone":45,"minecraft:lapis_ore":4,"minecraft:deepslate_gold_ore":13,"minecraft:polished_blackstone_brick_stairs":1,"minecraft:diorite":10,"minecraft:wall_torch":9,"minecraft:blue_bed":1,"minecraft:skeleton_skull":1,"minecraft:stripped_spruce_wood":3,"minecraft:spruce_log":29,"minecraft:blue_ice":2,"iceandfire:ash":1,"minecraft:grass":12,"minecraft:coal_ore":104,"minecraft:dirt":19,"minecraft:cobweb":2,"minecraft:cracked_stone_bricks":1,"minecraft:stone_bricks":1,"minecraft:netherrack":39,"iceandfire:chared_stone":3,"iceandfire:dread_stone_bricks":2,"minecraft:deepslate":6,"minecraft:fern":1},"minecraft:broken":{"minecraft:stone_pickaxe":1},"minecraft:killed_by":{"iceandfire:dread_beast":2,"mowziesmobs:ferrous_wroughtnaut":1,"minecraft:skeleton":1,"minecraft:zombie":1,"iceandfire:ghost":2,"iceandfire:fire_dragon":2},"minecraft:dropped":{"minecraft:enchanted_book":1,"minecraft:iron_sword":1,"chococraft:loverly_gysahl_green":2,"minecraft:wheat_seeds":1,"minecraft:golden_helmet":1,"minecraft:cooked_porkchop":23,"minecraft:iron_helmet":2,"minecraft:oak_fence":4,"minecraft:feather":6,"minecraft:cobblestone":218,"minecraft:granite":5,"minecraft:rail":22,"minecraft:coal":8,"minecraft:golden_apple":1,"minecraft:flint":1,"minecraft:stick":4,"minecraft:dirt":2,"minecraft:diorite":3,"minecraft:torch":3,"iceandfire:silver_sword":1,"iceandfire:armor_silver_metal_leggings":3,"iceandfire:armor_silver_metal_chestplate":3,"minecraft:iron_leggings":1,"mowziesmobs:wrought_helmet":1,"minecraft:white_banner":1,"minecraft:iron_axe":1,"minecraft:iron_pickaxe":5,"minecraft:smooth_stone":1,"iceandfire:armor_silver_metal_helmet":2,"minecraft:string":16,"minecraft:white_wool":3,"minecraft:bone":12,"minecraft:cobbled_deepslate":29,"minecraft:wheat":2,"minecraft:rotten_flesh":4,"minecraft:iron_boots":2,"minecraft:warped_planks":15,"minecraft:shield":5,"iceandfire:armor_silver_metal_boots":2,"minecraft:iron_chestplate":1,"minecraft:diamond_pickaxe":2,"minecraft:melon_seeds":4,"minecraft:golden_sword":1,"minecraft:spider_eye":1,"minecraft:bow":1,"chococraft:gysahl_green":26,"minecraft:netherrack":6},"minecraft:killed":{"minecraft:cave_spider":5,"minecraft:spider":5,"minecraft:skeleton":6,"iceandfire:dread_thrall":1,"minecraft:chicken":2,"minecraft:piglin_brute":1,"minecraft:piglin":1,"minecraft:pig":2,"minecraft:creeper":1,"minecraft:pillager":1,"minecraft:zombie":13,"iceandfire:ghost":1,"minecraft:enderman":1},"minecraft:used":{"minecraft:donkey_spawn_egg":1,"minecraft:spruce_planks":10,"minecraft:shield":1,"minecraft:iron_sword":137,"minecraft:cooked_chicken":3,"minecraft:rotten_flesh":3,"minecraft:netherrack":9,"minecraft:iron_chestplate":2,"minecraft:torch":26,"minecraft:dirt":16,"minecraft:anvil":1,"iceandfire:armor_silver_metal_helmet":1,"mowziesmobs:wrought_helmet":18,"minecraft:iron_helmet":22,"iceandfire:armor_blue_chestplate":1,"minecraft:iron_boots":2,"minecraft:bow":63,"minecraft:furnace":1,"minecraft:iron_leggings":3,"minecraft:water_bucket":30,"minecraft:diorite":2,"minecraft:stone_pickaxe":172,"minecraft:chainmail_helmet":1,"minecraft:blue_bed":1,"minecraft:crossbow":5,"minecraft:white_bed":3,"minecraft:diamond_pickaxe":2,"minecraft:apple":2,"minecraft:bread":1,"minecraft:iron_pickaxe":312,"iceandfire:ash":1,"minecraft:stone_axe":29,"minecraft:blue_carpet":1,"minecraft:diamond_sword":55,"minecraft:cobblestone":90,"minecraft:cooked_porkchop":9,"minecraft:andesite":13,"minecraft:bucket":32,"chococraft:gysahl_green":84},"minecraft:picked_up":{"iceandfire:dread_stone_bricks":2,"minecraft:iron_chestplate":8,"chococraft:loverly_gysahl_green":10,"minecraft:wheat":2,"minecraft:chicken":2,"minecraft:anvil":1,"minecraft:diamond_sword":3,"minecraft:wither_rose":1,"minecraft:gold_block":15,"minecraft:enchanted_book":2,"minecraft:shield":14,"minecraft:golden_sword":2,"iceandfire:armor_silver_metal_chestplate":4,"minecraft:raw_copper":6,"minecraft:polished_blackstone_brick_stairs":1,"minecraft:string":42,"minecraft:iron_axe":2,"minecraft:iron_leggings":4,"minecraft:cracked_stone_bricks":1,"minecraft:smooth_stone":1,"minecraft:gold_nugget":110,"minecraft:cobbled_deepslate":49,"minecraft:spruce_planks":5,"iceandfire:armor_silver_metal_leggings":4,"minecraft:iron_pickaxe":11,"minecraft:iron_boots":8,"minecraft:golden_helmet":1,"minecraft:stick":10,"minecraft:raw_iron":75,"simplehats:hatbag_common":2,"iceandfire:armor_sapphire_chestplate":1,"minecraft:oak_fence":4,"minecraft:torch":98,"minecraft:porkchop":3,"minecraft:polished_blackstone_bricks":2,"minecraft:diorite":10,"minecraft:carrot":1,"minecraft:warped_planks":28,"minecraft:blue_carpet":1,"minecraft:iron_horse_armor":1,"simplehats:crown":1,"iceandfire:armor_silver_metal_boots":3,"minecraft:arrow":273,"simplehats:sport_sunglasses":1,"minecraft:rotten_flesh":31,"minecraft:polished_basalt":1,"minecraft:saddle":1,"minecraft:iron_bars":1,"minecraft:skeleton_skull":1,"minecraft:rail":24,"minecraft:white_wool":3,"minecraft:cobblestone":550,"minecraft:feather":9,"minecraft:glow_ink_sac":6,"minecraft:andesite":38,"minecraft:potato":1,"paraglider:spirit_orb":2,"minecraft:flint":2,"minecraft:stripped_spruce_wood":3,"minecraft:oak_log":6,"minecraft:gunpowder":1,"mca:book_romance":1,"minecraft:lapis_lazuli":134,"minecraft:dirt":54,"minecraft:blue_bed":1,"minecraft:white_banner":1,"minecraft:name_tag":3,"chococraft:chocobo_feather":3,"minecraft:bone":22,"chococraft:gysahl_green":218,"minecraft:apple":2,"minecraft:stone_bricks":1,"chococraft:gold_gysahl":4,"minecraft:bow":3,"minecraft:wheat_seeds":5,"minecraft:raw_gold":15,"iceandfire:armor_silver_metal_helmet":3,"minecraft:cooked_chicken":64,"minecraft:cobweb":5,"simplehats:hatbag_uncommon":1,"minecraft:oak_planks":1,"minecraft:iron_sword":11,"iceandfire:chared_stone":4,"minecraft:cooked_porkchop":228,"iceandfire:ash":1,"minecraft:gravel":5,"chococraft:gysahl_green_seeds":79,"iceandfire:armor_blue_chestplate":1,"mowziesmobs:wrought_helmet":2,"minecraft:spruce_sapling":1,"minecraft:white_bed":3,"minecraft:spruce_log":27,"minecraft:spider_eye":5,"iceandfire:chared_cobblestone":2,"minecraft:diamond":5,"minecraft:stone_axe":2,"minecraft:donkey_spawn_egg":1,"iceandfire:silver_sword":3,"minecraft:iron_helmet":9,"minecraft:granite":7,"minecraft:golden_apple":1,"minecraft:emerald":2,"minecraft:chainmail_helmet":1,"minecraft:netherrack":37,"minecraft:melon_seeds":4,"minecraft:coal":194,"iceandfire:raw_silver":5,"minecraft:ender_pearl":2,"minecraft:diamond_pickaxe":3}},"DataVersion":3465}