{"stats":{"minecraft:crafted":{"minecraft:emerald":2,"minecraft:crafting_table":1,"minecraft:spruce_planks":118,"minecraft:gold_block":7,"minecraft:diamond_pickaxe":1,"minecraft:shield":1,"minecraft:stick":24,"minecraft:iron_ingot":23,"minecraft:iron_pickaxe":1,"minecraft:gold_ingot":42,"minecraft:furnace":1,"minecraft:stone_pickaxe":2,"minecraft:bucket":1,"minecraft:stone_axe":2,"minecraft:iron_leggings":1,"minecraft:torch":44},"minecraft:custom":{"minecraft:interact_with_crafting_table":28,"goblintraders:trade_with_goblin":7,"minecraft:leave_game":4,"minecraft:time_since_death":6985,"minecraft:damage_resisted":515,"minecraft:sprint_one_cm":599262,"minecraft:damage_blocked_by_shield":70,"minecraft:drop":268,"minecraft:talked_to_villager":1,"minecraft:play_time":309053,"minecraft:deaths":21,"minecraft:jump":5184,"minecraft:walk_on_water_one_cm":84113,"minecraft:interact_with_furnace":32,"minecraft:sleep_in_bed":7,"minecraft:waystone_activated":3,"minecraft:damage_dealt":20023,"minecraft:player_kills":1,"minecraft:crouch_one_cm":1892,"tombstone:undead_killed":46,"minecraft:horse_one_cm":297192,"minecraft:mob_kills":91,"minecraft:interact_with_anvil":1,"minecraft:damage_dealt_resisted":30,"minecraft:climb_one_cm":1877,"minecraft:walk_one_cm":1588649,"minecraft:sneak_time":1323,"minecraft:walk_under_water_one_cm":27712,"minecraft:total_world_time":309053,"minecraft:time_since_rest":5790,"minecraft:damage_taken":8645,"tombstone:cast_on_ally":1,"minecraft:swim_one_cm":42659,"minecraft:fly_one_cm":764128,"minecraft:open_chest":159,"minecraft:fall_one_cm":108870},"minecraft:mined":{"minecraft:blue_carpet":1,"minecraft:spruce_planks":1,"minecraft:white_bed":2,"minecraft:grass_block":10,"minecraft:spawner":2,"minecraft:polished_blackstone_bricks":2,"minecraft:iron_ore":50,"minecraft:fire":8,"minecraft:deepslate_lapis_ore":3,"realmrpg_skeletons:rookie_skeleton":1,"chococraft:gysahl_green":71,"iceandfire:gold_pile":56,"minecraft:iron_bars":1,"iceandfire:chared_cobblestone":1,"minecraft:red_bed":1,"minecraft:torch":10,"minecraft:cobblestone":45,"minecraft:wall_torch":13,"minecraft:skeleton_skull":1,"minecraft:blue_ice":2,"minecraft:grass":12,"minecraft:dirt":19,"minecraft:netherrack":39,"iceandfire:dread_stone_bricks":2,"minecraft:deepslate":28,"iceandfire:chared_stone":4,"minecraft:nether_gold_ore":5,"minecraft:diamond_ore":1,"iceandfire:silver_ore":2,"minecraft:deepslate_diamond_ore":5,"minecraft:spruce_leaves":1,"minecraft:moss_block":1,"minecraft:large_fern":1,"minecraft:polished_basalt":2,"minecraft:andesite":20,"minecraft:gold_block":18,"minecraft:deepslate_iron_ore":6,"minecraft:rail":2,"minecraft:packed_ice":5,"minecraft:stone":137,"minecraft:flowering_azalea":1,"minecraft:emerald_ore":3,"minecraft:tall_grass":1,"minecraft:copper_ore":2,"minecraft:deepslate_gold_ore":19,"minecraft:lapis_ore":4,"minecraft:polished_blackstone_brick_stairs":1,"minecraft:diorite":12,"minecraft:blue_bed":1,"minecraft:stripped_spruce_wood":3,"minecraft:spruce_log":29,"iceandfire:ash":1,"minecraft:coal_ore":104,"minecraft:gravel":13,"minecraft:cobweb":3,"minecraft:cracked_stone_bricks":1,"minecraft:stone_bricks":1,"minecraft:fern":1},"minecraft:broken":{"minecraft:stone_pickaxe":1,"minecraft:iron_helmet":1},"minecraft:killed_by":{"minecraft:creeper":1,"minecraft:cave_spider":1,"minecraft:zombie":1,"royalvariations:royal_zombie":1,"iceandfire:fire_dragon":2,"iceandfire:dread_beast":2,"mowziesmobs:ferrous_wroughtnaut":1,"minecraft:skeleton":1,"iceandfire:ghost":2},"minecraft:dropped":{"iceandfire:chared_stone":6,"minecraft:iron_sword":3,"iceandfire:raw_silver":1,"chococraft:loverly_gysahl_green":2,"minecraft:crafting_table":1,"minecraft:cooked_porkchop":23,"minecraft:rail":33,"minecraft:flint":5,"minecraft:gold_block":6,"minecraft:dirt":2,"iceandfire:armor_silver_metal_leggings":3,"simplehats:sport_sunglasses":1,"minecraft:gold_nugget":6,"minecraft:iron_pickaxe":6,"iceandfire:armor_silver_metal_helmet":2,"minecraft:white_wool":3,"minecraft:bone":49,"minecraft:gravel":4,"minecraft:cobbled_deepslate":30,"minecraft:wheat":2,"minecraft:rotten_flesh":16,"minecraft:warped_planks":15,"minecraft:carrot":2,"iceandfire:armor_silver_metal_boots":2,"minecraft:gunpowder":9,"minecraft:melon_seeds":4,"simplehats:nekoears":1,"minecraft:iron_bars":4,"minecraft:arrow":12,"minecraft:netherrack":6,"minecraft:enchanted_book":1,"minecraft:wheat_seeds":1,"tetra:scroll_rolled":1,"minecraft:golden_helmet":1,"chococraft:gold_gysahl":2,"simplehats:crown":1,"minecraft:feather":6,"minecraft:oak_fence":4,"minecraft:iron_helmet":2,"minecraft:cobblestone":218,"chococraft:gysahl_green_seeds":48,"minecraft:granite":5,"spelunkers_charm:old_miners_bundle":1,"minecraft:coal":23,"minecraft:golden_apple":3,"minecraft:stick":5,"simplehats:shrekears":2,"minecraft:cobweb":5,"minecraft:diorite":3,"minecraft:torch":4,"iceandfire:silver_sword":1,"simplehats:monocle":1,"minecraft:diamond_helmet":1,"iceandfire:armor_silver_metal_chestplate":3,"tombstone:grave_dust":4,"minecraft:iron_leggings":1,"mowziesmobs:wrought_helmet":1,"minecraft:white_banner":1,"minecraft:iron_axe":1,"minecraft:smooth_stone":1,"minecraft:string":19,"minecraft:iron_boots":2,"minecraft:name_tag":1,"minecraft:shield":5,"minecraft:spruce_planks":25,"iceandfire:chared_cobblestone":5,"minecraft:diamond_pickaxe":3,"minecraft:iron_chestplate":2,"minecraft:golden_sword":1,"minecraft:spider_eye":2,"minecraft:bow":1,"minecraft:stone_pickaxe":1,"minecraft:raw_gold":4,"chococraft:gysahl_green":26},"minecraft:killed":{"minecraft:cave_spider":8,"minecraft:spider":6,"royalvariations:royal_skeleton":1,"minecraft:skeleton":22,"minecraft:chicken":2,"minecraft:piglin_brute":1,"minecraft:piglin":1,"minecraft:pig":2,"minecraft:creeper":3,"minecraft:pillager":1,"minecraft:zombie":30,"royalvariations:royal_creeper":1,"mca:male_zombie_villager":1,"iceandfire:dread_thrall":1,"royalvariations:royal_zombie":2,"iceandfire:ghost":1,"minecraft:enderman":1},"minecraft:used":{"minecraft:shield":1,"minecraft:donkey_spawn_egg":1,"minecraft:iron_sword":354,"minecraft:rotten_flesh":3,"minecraft:iron_chestplate":2,"tombstone:tablet_of_cupidity":2,"minecraft:iron_helmet":22,"minecraft:bow":63,"minecraft:furnace":1,"minecraft:diorite":2,"minecraft:stone_pickaxe":173,"minecraft:chorus_fruit":2,"minecraft:chainmail_helmet":1,"minecraft:blue_bed":1,"minecraft:crossbow":5,"minecraft:bread":1,"minecraft:gravel":4,"minecraft:diamond_sword":55,"minecraft:andesite":13,"chococraft:gysahl_green":161,"minecraft:experience_bottle":2,"minecraft:spruce_planks":21,"minecraft:cooked_chicken":3,"minecraft:netherrack":9,"minecraft:torch":43,"minecraft:dirt":16,"minecraft:anvil":1,"iceandfire:armor_silver_metal_helmet":1,"mowziesmobs:wrought_helmet":18,"iceandfire:armor_blue_chestplate":1,"minecraft:iron_boots":2,"tombstone:gift":4,"minecraft:iron_leggings":3,"minecraft:water_bucket":42,"minecraft:crafting_table":1,"minecraft:white_bed":3,"minecraft:diamond_pickaxe":2,"minecraft:apple":2,"minecraft:iron_pickaxe":404,"tombstone:magic_scroll":2,"iceandfire:ash":1,"minecraft:stone_axe":29,"minecraft:blue_carpet":1,"minecraft:cobblestone":90,"minecraft:cooked_porkchop":9,"minecraft:bucket":44,"tombstone:scroll_of_unstable_intangibility":2},"minecraft:picked_up":{"iceandfire:dread_stone_bricks":2,"chococraft:loverly_gysahl_green":10,"minecraft:iron_chestplate":8,"minecraft:wheat":2,"minecraft:anvil":1,"minecraft:diamond_sword":3,"minecraft:wither_rose":1,"minecraft:enchanted_book":2,"minecraft:golden_sword":2,"iceandfire:armor_silver_metal_chestplate":4,"minecraft:polished_blackstone_brick_stairs":1,"minecraft:string":44,"minecraft:raw_copper":6,"minecraft:iron_leggings":5,"minecraft:experience_bottle":2,"minecraft:cobbled_deepslate":50,"minecraft:gold_nugget":367,"minecraft:smooth_stone":1,"minecraft:spruce_planks":5,"simplehats:shrekears":3,"minecraft:iron_pickaxe":12,"minecraft:iron_boots":8,"minecraft:golden_helmet":1,"minecraft:stick":10,"minecraft:oak_fence":4,"minecraft:torch":107,"simplehats:nekoears":2,"minecraft:porkchop":3,"tombstone:grave_dust":3,"minecraft:diorite":10,"minecraft:warped_planks":28,"iceandfire:armor_silver_metal_boots":3,"minecraft:rotten_flesh":45,"simplehats:crown":2,"minecraft:polished_basalt":1,"minecraft:iron_bars":4,"minecraft:cobblestone":550,"minecraft:feather":9,"minecraft:andesite":38,"minecraft:potato":1,"paraglider:spirit_orb":4,"minecraft:flint":6,"minecraft:stripped_spruce_wood":3,"minecraft:lapis_lazuli":159,"minecraft:dirt":54,"minecraft:name_tag":3,"simplehats:hatbag_epic":1,"minecraft:bone":57,"minecraft:bow":3,"minecraft:wheat_seeds":5,"minecraft:raw_gold":30,"simplehats:hatbag_uncommon":7,"minecraft:oak_planks":1,"minecraft:cooked_porkchop":228,"royalvariations:royal_bone":1,"iceandfire:armor_blue_chestplate":1,"iceandfire:chared_cobblestone":5,"simplehats:eyeholder_evil":1,"simplehats:the_noisier":1,"minecraft:diamond":11,"minecraft:granite":7,"minecraft:golden_apple":3,"minecraft:chainmail_helmet":1,"minecraft:emerald":10,"minecraft:netherrack":37,"minecraft:chorus_fruit":2,"minecraft:diamond_pickaxe":4,"iceandfire:raw_silver":6,"minecraft:crafting_table":1,"minecraft:chicken":2,"minecraft:gold_block":20,"simplehats:toast":1,"minecraft:shield":14,"minecraft:iron_axe":2,"minecraft:cracked_stone_bricks":1,"iceandfire:armor_silver_metal_leggings":4,"minecraft:raw_iron":78,"simplehats:hatbag_common":5,"iceandfire:armor_sapphire_chestplate":1,"minecraft:polished_blackstone_bricks":2,"minecraft:carrot":3,"minecraft:iron_horse_armor":1,"minecraft:blue_carpet":1,"simplehats:sport_sunglasses":2,"minecraft:arrow":311,"minecraft:saddle":1,"minecraft:gold_ingot":6,"simplehats:monocle":1,"minecraft:white_wool":3,"minecraft:skeleton_skull":1,"minecraft:rail":35,"minecraft:glow_ink_sac":6,"spelunkers_charm:old_miners_bundle":1,"minecraft:oak_log":6,"minecraft:gunpowder":10,"mca:book_romance":1,"minecraft:blue_bed":1,"minecraft:white_banner":1,"tombstone:gift":2,"chococraft:chocobo_feather":3,"chococraft:gysahl_green":218,"minecraft:apple":2,"minecraft:stone_bricks":1,"simplehats:mimic_head":1,"chococraft:gold_gysahl":4,"iceandfire:armor_silver_metal_helmet":3,"minecraft:cooked_chicken":64,"minecraft:cobweb":5,"minecraft:iron_sword":14,"iceandfire:chared_stone":10,"simplehats:tinkerhat":1,"iceandfire:ash":1,"minecraft:gravel":18,"minecraft:spruce_sapling":1,"mowziesmobs:wrought_helmet":2,"chococraft:gysahl_green_seeds":79,"minecraft:white_bed":3,"minecraft:spruce_log":27,"minecraft:spider_eye":6,"minecraft:stone_axe":2,"iceandfire:silver_sword":3,"minecraft:donkey_spawn_egg":1,"minecraft:iron_helmet":9,"minecraft:melon_seeds":4,"minecraft:coal":209,"minecraft:ender_pearl":2}},"DataVersion":3465}