{"stats":{"minecraft:crafted":{"minecraft:furnace":1,"minecraft:stone_pickaxe":2,"minecraft:emerald":2,"minecraft:crafting_table":1,"minecraft:spruce_planks":118,"minecraft:gold_block":7,"minecraft:bucket":1,"minecraft:stone_axe":2,"minecraft:diamond_pickaxe":1,"minecraft:shield":1,"minecraft:stick":24,"minecraft:iron_pickaxe":1,"minecraft:iron_ingot":23,"minecraft:gold_ingot":42,"minecraft:iron_leggings":1,"minecraft:torch":44},"minecraft:custom":{"minecraft:interact_with_anvil":1,"minecraft:mob_kills":82,"goblintraders:trade_with_goblin":7,"minecraft:interact_with_crafting_table":28,"minecraft:damage_dealt_resisted":30,"minecraft:leave_game":3,"minecraft:time_since_death":18895,"minecraft:climb_one_cm":1877,"minecraft:damage_resisted":515,"minecraft:sprint_one_cm":574419,"minecraft:walk_one_cm":1558340,"minecraft:damage_blocked_by_shield":70,"minecraft:drop":259,"minecraft:talked_to_villager":1,"minecraft:play_time":300689,"minecraft:deaths":20,"minecraft:sneak_time":1323,"minecraft:walk_under_water_one_cm":26585,"minecraft:jump":5033,"minecraft:walk_on_water_one_cm":82992,"minecraft:total_world_time":300689,"minecraft:interact_with_furnace":32,"minecraft:sleep_in_bed":7,"minecraft:time_since_rest":18453,"minecraft:waystone_activated":3,"minecraft:damage_taken":8232,"tombstone:cast_on_ally":1,"minecraft:damage_dealt":18155,"minecraft:swim_one_cm":39081,"minecraft:fly_one_cm":726476,"minecraft:player_kills":1,"minecraft:open_chest":159,"minecraft:crouch_one_cm":1892,"tombstone:undead_killed":37,"minecraft:fall_one_cm":106362,"minecraft:horse_one_cm":297192},"minecraft:mined":{"minecraft:nether_gold_ore":5,"minecraft:blue_carpet":1,"minecraft:diamond_ore":1,"minecraft:spruce_planks":1,"minecraft:white_bed":2,"iceandfire:silver_ore":2,"minecraft:deepslate_diamond_ore":3,"minecraft:grass_block":10,"minecraft:spruce_leaves":1,"minecraft:moss_block":1,"minecraft:spawner":2,"minecraft:large_fern":1,"minecraft:polished_blackstone_bricks":2,"minecraft:polished_basalt":2,"minecraft:iron_ore":50,"minecraft:fire":8,"minecraft:andesite":20,"minecraft:deepslate_lapis_ore":3,"minecraft:gold_block":18,"iceandfire:gold_pile":56,"minecraft:deepslate_iron_ore":6,"realmrpg_skeletons:rookie_skeleton":1,"minecraft:iron_bars":1,"chococraft:gysahl_green":71,"minecraft:rail":2,"minecraft:packed_ice":5,"minecraft:stone":137,"iceandfire:chared_cobblestone":1,"minecraft:flowering_azalea":1,"minecraft:red_bed":1,"minecraft:torch":10,"minecraft:emerald_ore":3,"minecraft:copper_ore":2,"minecraft:tall_grass":1,"minecraft:cobblestone":45,"minecraft:lapis_ore":4,"minecraft:deepslate_gold_ore":19,"minecraft:polished_blackstone_brick_stairs":1,"minecraft:diorite":12,"minecraft:wall_torch":13,"minecraft:blue_bed":1,"minecraft:skeleton_skull":1,"minecraft:stripped_spruce_wood":3,"minecraft:spruce_log":29,"minecraft:blue_ice":2,"iceandfire:ash":1,"minecraft:grass":12,"minecraft:coal_ore":104,"minecraft:gravel":13,"minecraft:dirt":19,"minecraft:cobweb":3,"minecraft:cracked_stone_bricks":1,"minecraft:stone_bricks":1,"minecraft:netherrack":39,"iceandfire:chared_stone":4,"iceandfire:dread_stone_bricks":2,"minecraft:deepslate":27,"minecraft:fern":1},"minecraft:broken":{"minecraft:stone_pickaxe":1},"minecraft:killed_by":{"iceandfire:dread_beast":2,"minecraft:creeper":1,"mowziesmobs:ferrous_wroughtnaut":1,"minecraft:cave_spider":1,"minecraft:skeleton":1,"minecraft:zombie":1,"iceandfire:ghost":2,"iceandfire:fire_dragon":2},"minecraft:dropped":{"iceandfire:chared_stone":6,"minecraft:enchanted_book":1,"minecraft:iron_sword":3,"iceandfire:raw_silver":1,"chococraft:loverly_gysahl_green":2,"minecraft:wheat_seeds":1,"minecraft:golden_helmet":1,"chococraft:gold_gysahl":2,"minecraft:crafting_table":1,"simplehats:crown":1,"minecraft:cooked_porkchop":23,"minecraft:iron_helmet":2,"minecraft:oak_fence":4,"minecraft:feather":6,"minecraft:cobblestone":218,"chococraft:gysahl_green_seeds":48,"minecraft:granite":5,"spelunkers_charm:old_miners_bundle":1,"minecraft:rail":31,"minecraft:coal":23,"minecraft:golden_apple":3,"minecraft:flint":5,"minecraft:stick":5,"minecraft:gold_block":6,"minecraft:cobweb":5,"minecraft:dirt":2,"minecraft:diorite":3,"minecraft:torch":4,"iceandfire:silver_sword":1,"iceandfire:armor_silver_metal_leggings":3,"simplehats:monocle":1,"minecraft:diamond_helmet":1,"iceandfire:armor_silver_metal_chestplate":3,"minecraft:gold_nugget":6,"tombstone:grave_dust":4,"minecraft:iron_leggings":1,"mowziesmobs:wrought_helmet":1,"minecraft:white_banner":1,"minecraft:iron_axe":1,"minecraft:iron_pickaxe":6,"minecraft:smooth_stone":1,"iceandfire:armor_silver_metal_helmet":2,"minecraft:string":19,"minecraft:white_wool":3,"minecraft:bone":46,"minecraft:gravel":4,"minecraft:cobbled_deepslate":30,"minecraft:wheat":2,"minecraft:rotten_flesh":16,"minecraft:iron_boots":2,"minecraft:name_tag":1,"minecraft:warped_planks":15,"minecraft:shield":5,"iceandfire:armor_silver_metal_boots":2,"minecraft:gunpowder":2,"iceandfire:chared_cobblestone":5,"minecraft:spruce_planks":25,"minecraft:iron_chestplate":2,"minecraft:diamond_pickaxe":3,"minecraft:melon_seeds":4,"simplehats:nekoears":1,"minecraft:golden_sword":1,"minecraft:spider_eye":2,"minecraft:stone_pickaxe":1,"minecraft:arrow":12,"minecraft:iron_bars":4,"minecraft:bow":1,"minecraft:raw_gold":4,"chococraft:gysahl_green":26,"minecraft:netherrack":6},"minecraft:killed":{"minecraft:cave_spider":8,"minecraft:spider":6,"royalvariations:royal_skeleton":1,"minecraft:skeleton":17,"iceandfire:dread_thrall":1,"minecraft:chicken":2,"minecraft:piglin_brute":1,"minecraft:piglin":1,"minecraft:pig":2,"minecraft:creeper":3,"minecraft:pillager":1,"minecraft:zombie":29,"iceandfire:ghost":1,"royalvariations:royal_creeper":1,"minecraft:enderman":1},"minecraft:used":{"minecraft:donkey_spawn_egg":1,"minecraft:spruce_planks":21,"minecraft:shield":1,"minecraft:iron_sword":320,"minecraft:cooked_chicken":3,"minecraft:rotten_flesh":3,"minecraft:netherrack":9,"minecraft:iron_chestplate":2,"minecraft:torch":43,"minecraft:dirt":16,"minecraft:anvil":1,"iceandfire:armor_silver_metal_helmet":1,"mowziesmobs:wrought_helmet":18,"tombstone:tablet_of_cupidity":2,"minecraft:iron_helmet":22,"iceandfire:armor_blue_chestplate":1,"minecraft:iron_boots":2,"minecraft:bow":63,"minecraft:furnace":1,"tombstone:gift":4,"minecraft:iron_leggings":3,"minecraft:water_bucket":42,"minecraft:diorite":2,"minecraft:chorus_fruit":2,"minecraft:stone_pickaxe":173,"minecraft:chainmail_helmet":1,"minecraft:blue_bed":1,"minecraft:crafting_table":1,"minecraft:crossbow":5,"minecraft:white_bed":3,"minecraft:diamond_pickaxe":2,"minecraft:apple":2,"tombstone:magic_scroll":2,"minecraft:bread":1,"minecraft:iron_pickaxe":401,"iceandfire:ash":1,"minecraft:gravel":4,"minecraft:stone_axe":29,"minecraft:blue_carpet":1,"minecraft:diamond_sword":55,"minecraft:cobblestone":90,"minecraft:cooked_porkchop":9,"minecraft:andesite":13,"minecraft:bucket":44,"chococraft:gysahl_green":151,"minecraft:experience_bottle":2,"tombstone:scroll_of_unstable_intangibility":2},"minecraft:picked_up":{"minecraft:crafting_table":1,"iceandfire:dread_stone_bricks":2,"minecraft:iron_chestplate":8,"chococraft:loverly_gysahl_green":10,"minecraft:wheat":2,"minecraft:chicken":2,"minecraft:anvil":1,"minecraft:diamond_sword":3,"minecraft:wither_rose":1,"minecraft:gold_block":20,"minecraft:enchanted_book":2,"minecraft:shield":14,"minecraft:golden_sword":2,"iceandfire:armor_silver_metal_chestplate":4,"minecraft:raw_copper":6,"minecraft:polished_blackstone_brick_stairs":1,"minecraft:string":44,"minecraft:iron_axe":2,"minecraft:iron_leggings":5,"minecraft:experience_bottle":2,"minecraft:cracked_stone_bricks":1,"minecraft:smooth_stone":1,"minecraft:gold_nugget":367,"minecraft:cobbled_deepslate":50,"minecraft:spruce_planks":5,"iceandfire:armor_silver_metal_leggings":4,"minecraft:iron_pickaxe":12,"minecraft:iron_boots":8,"minecraft:golden_helmet":1,"minecraft:stick":10,"minecraft:raw_iron":78,"simplehats:hatbag_common":5,"iceandfire:armor_sapphire_chestplate":1,"minecraft:oak_fence":4,"simplehats:nekoears":1,"minecraft:torch":107,"minecraft:porkchop":3,"minecraft:polished_blackstone_bricks":2,"tombstone:grave_dust":3,"minecraft:diorite":10,"minecraft:carrot":1,"minecraft:warped_planks":28,"minecraft:blue_carpet":1,"minecraft:iron_horse_armor":1,"simplehats:crown":2,"iceandfire:armor_silver_metal_boots":3,"minecraft:arrow":306,"simplehats:sport_sunglasses":1,"minecraft:rotten_flesh":34,"minecraft:polished_basalt":1,"minecraft:saddle":1,"minecraft:gold_ingot":2,"simplehats:monocle":1,"minecraft:iron_bars":4,"minecraft:skeleton_skull":1,"minecraft:rail":34,"minecraft:white_wool":3,"minecraft:cobblestone":550,"minecraft:feather":9,"minecraft:glow_ink_sac":6,"minecraft:andesite":38,"minecraft:potato":1,"spelunkers_charm:old_miners_bundle":1,"paraglider:spirit_orb":4,"minecraft:flint":6,"minecraft:stripped_spruce_wood":3,"minecraft:oak_log":6,"minecraft:gunpowder":10,"mca:book_romance":1,"minecraft:lapis_lazuli":159,"minecraft:dirt":54,"minecraft:blue_bed":1,"tombstone:gift":2,"minecraft:white_banner":1,"minecraft:name_tag":3,"chococraft:chocobo_feather":3,"minecraft:bone":54,"chococraft:gysahl_green":218,"minecraft:apple":2,"minecraft:stone_bricks":1,"chococraft:gold_gysahl":4,"minecraft:bow":3,"minecraft:wheat_seeds":5,"minecraft:raw_gold":30,"iceandfire:armor_silver_metal_helmet":3,"minecraft:cooked_chicken":64,"minecraft:cobweb":5,"simplehats:hatbag_uncommon":5,"minecraft:oak_planks":1,"minecraft:iron_sword":14,"iceandfire:chared_stone":10,"minecraft:cooked_porkchop":228,"iceandfire:ash":1,"royalvariations:royal_bone":1,"minecraft:gravel":18,"chococraft:gysahl_green_seeds":79,"iceandfire:armor_blue_chestplate":1,"mowziesmobs:wrought_helmet":2,"minecraft:spruce_sapling":1,"minecraft:white_bed":3,"minecraft:spruce_log":27,"minecraft:spider_eye":6,"iceandfire:chared_cobblestone":5,"minecraft:diamond":10,"minecraft:stone_axe":2,"minecraft:donkey_spawn_egg":1,"iceandfire:silver_sword":3,"minecraft:chorus_fruit":2,"minecraft:iron_helmet":9,"minecraft:granite":7,"minecraft:golden_apple":3,"minecraft:emerald":10,"minecraft:chainmail_helmet":1,"minecraft:netherrack":37,"minecraft:melon_seeds":4,"minecraft:coal":209,"iceandfire:raw_silver":6,"minecraft:ender_pearl":2,"minecraft:diamond_pickaxe":4}},"DataVersion":3465}