{"stats":{"minecraft:crafted":{"minecraft:warped_planks":108,"iceandfire:silver_sword":1,"minecraft:bread":12,"minecraft:wheat":36},"minecraft:custom":{"minecraft:time_since_rest":23630,"minecraft:waystone_activated":3,"minecraft:interact_with_furnace":5,"minecraft:sprint_one_cm":36163,"minecraft:damage_taken":144,"minecraft:walk_one_cm":53439,"minecraft:mob_kills":1,"minecraft:drop":4,"minecraft:damage_dealt":121,"minecraft:interact_with_crafting_table":2,"minecraft:fly_one_cm":47927,"minecraft:open_chest":56,"minecraft:crouch_one_cm":565,"minecraft:play_time":23630,"tombstone:undead_killed":1,"minecraft:sneak_time":548,"minecraft:jump":248,"minecraft:time_since_death":23630,"minecraft:total_world_time":23630,"minecraft:climb_one_cm":539,"minecraft:fall_one_cm":5616},"minecraft:mined":{"minecraft:iron_ore":2,"minecraft:fire":1,"chisel:large/oak_planks":1,"minecraft:dandelion":1,"minecraft:grass":59,"minecraft:coal_ore":20,"minecraft:oak_log":3,"minecraft:decorated_pot":2,"minecraft:copper_ore":8,"spelunkers_charm:rock_pile_2":1,"minecraft:tall_grass":16,"minecraft:cracked_stone_bricks":1,"minecraft:stone":95,"minecraft:stone_bricks":4,"minecraft:mossy_stone_bricks":1,"minecraft:wall_torch":1},"minecraft:broken":{"minecraft:stone_pickaxe":1,"minecraft:iron_axe":1},"minecraft:dropped":{"minecraft:wheat_seeds":1,"minecraft:painting":7},"minecraft:killed":{"minecraft:skeleton":1},"minecraft:used":{"chisel:large/oak_planks":1,"iceandfire:silver_sword":2,"minecraft:iron_axe":3,"minecraft:bread":4,"minecraft:stone_pickaxe":131,"minecraft:decorated_pot":2,"minecraft:chainmail_helmet":1,"minecraft:cobblestone":4,"spelunkers_charm:rock":2,"minecraft:chainmail_leggings":1},"minecraft:picked_up":{"minecraft:raw_iron":2,"minecraft:torch":1,"minecraft:dandelion":1,"minecraft:oak_log":3,"minecraft:raw_copper":25,"minecraft:arrow":1,"minecraft:bone":1,"minecraft:stone_bricks":4,"minecraft:cracked_stone_bricks":1,"minecraft:decorated_pot":2,"minecraft:wheat_seeds":6,"chisel:large/oak_planks":1,"minecraft:painting":7,"minecraft:mossy_stone_bricks":1,"spelunkers_charm:rock":2,"minecraft:coal":20,"minecraft:cobblestone":95}},"DataVersion":3465}