{"stats":{"minecraft:crafted":{"spartanshields:wooden_tower_shield":1,"minecraft:warped_planks":108,"minecraft:iron_boots":3,"minecraft:iron_axe":1,"minecraft:stone_pickaxe":1,"minecraft:wheat":36,"iceandfire:silver_axe":1,"minecraft:crafting_table":3,"spartanshields:iron_tower_shield":1,"minecraft:iron_helmet":3,"minecraft:iron_sword":3,"minecraft:gold_block":9,"minecraft:bread":12,"minecraft:air":0,"minecraft:iron_chestplate":3,"minecraft:diamond_pickaxe":2,"minecraft:stick":12,"minecraft:iron_ingot":50,"minecraft:iron_pickaxe":1,"minecraft:iron_leggings":2,"minecraft:gold_ingot":82,"minecraft:white_bed":1,"minecraft:torch":8,"iceandfire:silver_sword":1},"minecraft:custom":{"minecraft:mob_kills":15,"minecraft:interact_with_crafting_table":19,"goblintraders:trade_with_goblin":25,"minecraft:time_since_death":101630,"minecraft:climb_one_cm":539,"minecraft:sprint_one_cm":262042,"minecraft:walk_one_cm":264415,"minecraft:damage_blocked_by_shield":165,"minecraft:drop":67,"minecraft:play_time":101630,"minecraft:sneak_time":3720,"minecraft:walk_under_water_one_cm":3769,"minecraft:jump":1221,"minecraft:walk_on_water_one_cm":16313,"minecraft:total_world_time":101630,"minecraft:interact_with_furnace":6,"spartanshields:shield_bash_hits":2,"minecraft:sleep_in_bed":1,"minecraft:time_since_rest":50020,"minecraft:waystone_activated":3,"minecraft:damage_taken":526,"tombstone:sneak_grave":2,"minecraft:damage_dealt":3821,"minecraft:swim_one_cm":1856,"minecraft:fly_one_cm":150361,"minecraft:open_chest":95,"minecraft:crouch_one_cm":11848,"tombstone:undead_killed":13,"minecraft:fall_one_cm":18941},"minecraft:mined":{"minecraft:diamond_ore":3,"minecraft:tuff":1,"iceandfire:silver_ore":1,"minecraft:deepslate_diamond_ore":10,"chisel:large/oak_planks":1,"minecraft:cave_vines_plant":10,"minecraft:granite":3,"minecraft:decorated_pot":2,"minecraft:deepslate_bricks":1,"minecraft:moss_block":1,"minecraft:spawner":1,"minecraft:smooth_stone":2,"minecraft:iron_ore":12,"minecraft:fire":1,"minecraft:deepslate_lapis_ore":10,"minecraft:cave_vines":18,"minecraft:deepslate_iron_ore":23,"iceandfire:gold_pile":102,"minecraft:stone":108,"iceandfire:chared_cobblestone":3,"minecraft:dandelion":1,"minecraft:crafting_table":3,"minecraft:torch":3,"minecraft:emerald_ore":18,"minecraft:copper_ore":8,"spelunkers_charm:rock_pile_2":1,"minecraft:tall_grass":18,"minecraft:cobblestone":13,"minecraft:deepslate_gold_ore":25,"minecraft:oak_planks":13,"minecraft:wall_torch":1,"minecraft:wither_rose":1,"minecraft:grass":72,"minecraft:coal_ore":56,"minecraft:oak_log":3,"minecraft:gravel":1,"minecraft:dirt":1,"minecraft:cobweb":2,"minecraft:cracked_stone_bricks":1,"minecraft:stone_bricks":4,"minecraft:mossy_stone_bricks":1,"realmrpg_skeletons:unsaved_skeleton":1,"minecraft:deepslate":28,"iceandfire:chared_stone":4},"minecraft:broken":{"minecraft:stone_pickaxe":1,"minecraft:iron_axe":1},"minecraft:dropped":{"iceandfire:chared_stone":12,"minecraft:bread":4,"minecraft:iron_sword":2,"iceandfire:raw_silver":2,"chococraft:loverly_gysahl_green":4,"minecraft:wheat_seeds":1,"iceandfire:silver_axe":2,"minecraft:diamond":4,"minecraft:iron_helmet":2,"minecraft:stick":1,"minecraft:emerald":10,"minecraft:gold_block":6,"minecraft:cobweb":10,"iceandfire:silver_sword":4,"minecraft:iron_leggings":2,"minecraft:wither_rose":1,"minecraft:iron_pickaxe":1,"minecraft:smooth_stone":2,"minecraft:string":1,"minecraft:gold_ingot":2,"minecraft:bone":6,"minecraft:gravel":11,"minecraft:rotten_flesh":24,"minecraft:iron_boots":2,"minecraft:spruce_planks":51,"iceandfire:chared_cobblestone":6,"minecraft:diamond_pickaxe":1,"minecraft:iron_chestplate":3,"simplehats:nekoears":1,"minecraft:painting":7,"minecraft:iron_bars":2,"minecraft:raw_gold":10},"minecraft:killed":{"mca:female_zombie_villager":1,"minecraft:skeleton":5,"friendsandfoes:glare":1,"royalvariations:royal_zombie":1,"minecraft:zombie":6},"minecraft:used":{"chisel:large/oak_planks":1,"iceandfire:silver_sword":5,"minecraft:decorated_pot":2,"minecraft:iron_sword":90,"minecraft:torch":4,"tombstone:scroll_of_preservation":1,"minecraft:carrot":1,"minecraft:iron_axe":5,"minecraft:golden_carrot":1,"spelunkers_charm:rock":2,"tombstone:gift":3,"minecraft:water_bucket":5,"minecraft:stone_pickaxe":199,"minecraft:chainmail_helmet":1,"spartanshields:iron_tower_shield":6,"minecraft:glow_berries":7,"minecraft:crafting_table":4,"minecraft:white_bed":1,"iceandfire:silver_axe":14,"minecraft:diamond_pickaxe":44,"minecraft:bread":15,"minecraft:iron_pickaxe":205,"minecraft:cobblestone":56,"minecraft:bucket":5,"minecraft:smooth_stone":1,"minecraft:chainmail_leggings":1},"minecraft:picked_up":{"minecraft:crafting_table":2,"minecraft:iron_chestplate":1,"minecraft:wither_rose":1,"minecraft:gold_block":3,"minecraft:string":2,"minecraft:raw_copper":25,"minecraft:experience_bottle":2,"minecraft:cracked_stone_bricks":1,"minecraft:smooth_stone":3,"minecraft:gold_nugget":736,"minecraft:cobbled_deepslate":32,"minecraft:spruce_planks":67,"minecraft:stick":9,"minecraft:raw_iron":37,"simplehats:hatbag_common":1,"minecraft:torch":6,"simplehats:nekoears":1,"tombstone:grave_dust":1,"minecraft:carrot":1,"minecraft:arrow":9,"minecraft:rotten_flesh":24,"minecraft:decorated_pot":2,"minecraft:gold_ingot":2,"minecraft:glow_berries":7,"minecraft:cobblestone":133,"minecraft:skeleton_skull":1,"minecraft:iron_bars":2,"iceandfire:silver_axe":2,"minecraft:golden_carrot":1,"paraglider:spirit_orb":2,"minecraft:tuff":1,"minecraft:oak_log":3,"minecraft:lapis_lazuli":73,"minecraft:bone":7,"minecraft:stone_bricks":4,"minecraft:wheat_seeds":6,"minecraft:raw_gold":24,"minecraft:iron_ingot":2,"minecraft:cobweb":10,"minecraft:diamond_helmet":1,"minecraft:mossy_stone_bricks":1,"minecraft:moss_block":1,"minecraft:oak_planks":26,"iceandfire:chared_stone":12,"minecraft:dandelion":1,"minecraft:gravel":14,"iceandfire:chared_cobblestone":6,"minecraft:diamond":14,"chisel:large/oak_planks":1,"iceandfire:silver_sword":3,"minecraft:granite":4,"minecraft:painting":7,"minecraft:emerald":16,"minecraft:bread":1,"spelunkers_charm:rock":2,"minecraft:coal":57,"iceandfire:raw_silver":3}},"DataVersion":3465}