{"stats":{"minecraft:crafted":{"spartanshields:wooden_tower_shield":1,"minecraft:warped_planks":108,"minecraft:iron_boots":3,"minecraft:iron_axe":1,"minecraft:stone_pickaxe":1,"minecraft:wheat":36,"iceandfire:silver_axe":1,"minecraft:crafting_table":3,"spartanshields:iron_tower_shield":1,"minecraft:iron_helmet":3,"minecraft:iron_sword":3,"minecraft:gold_block":9,"minecraft:bread":12,"minecraft:air":0,"minecraft:iron_chestplate":3,"minecraft:diamond_pickaxe":2,"minecraft:stick":12,"minecraft:iron_ingot":50,"minecraft:iron_pickaxe":1,"minecraft:iron_leggings":2,"minecraft:gold_ingot":82,"minecraft:white_bed":1,"minecraft:torch":8,"iceandfire:silver_sword":1},"minecraft:custom":{"minecraft:mob_kills":19,"minecraft:interact_with_crafting_table":19,"goblintraders:trade_with_goblin":25,"minecraft:damage_dealt_resisted":10,"minecraft:time_since_death":4068,"minecraft:climb_one_cm":539,"minecraft:sprint_one_cm":302387,"minecraft:walk_one_cm":296815,"minecraft:damage_blocked_by_shield":310,"minecraft:drop":77,"minecraft:deaths":1,"minecraft:play_time":113630,"minecraft:sneak_time":4526,"minecraft:walk_under_water_one_cm":4056,"minecraft:jump":1460,"minecraft:walk_on_water_one_cm":20544,"minecraft:total_world_time":113630,"minecraft:interact_with_furnace":6,"spartanshields:shield_bash_hits":4,"minecraft:sleep_in_bed":1,"minecraft:time_since_rest":2527,"minecraft:waystone_activated":3,"minecraft:damage_taken":772,"tombstone:sneak_grave":2,"minecraft:damage_dealt":4803,"minecraft:swim_one_cm":4982,"minecraft:fly_one_cm":178381,"minecraft:open_chest":96,"minecraft:crouch_one_cm":13796,"tombstone:undead_killed":17,"minecraft:fall_one_cm":22818},"minecraft:mined":{"minecraft:diamond_ore":3,"minecraft:tuff":2,"iceandfire:silver_ore":1,"minecraft:deepslate_diamond_ore":11,"chisel:large/oak_planks":1,"minecraft:cave_vines_plant":27,"minecraft:granite":3,"minecraft:decorated_pot":2,"minecraft:deepslate_bricks":1,"minecraft:moss_block":3,"minecraft:spawner":2,"minecraft:smooth_stone":2,"minecraft:iron_ore":16,"minecraft:fire":1,"minecraft:deepslate_lapis_ore":10,"minecraft:cave_vines":38,"minecraft:deepslate_iron_ore":44,"iceandfire:gold_pile":102,"minecraft:stone":108,"iceandfire:chared_cobblestone":3,"minecraft:dandelion":1,"minecraft:crafting_table":3,"minecraft:torch":3,"minecraft:emerald_ore":18,"minecraft:copper_ore":8,"spelunkers_charm:rock_pile_2":1,"minecraft:tall_grass":19,"minecraft:cobblestone":13,"minecraft:deepslate_gold_ore":38,"minecraft:oak_planks":13,"minecraft:wall_torch":1,"minecraft:wither_rose":1,"minecraft:grass":73,"minecraft:coal_ore":56,"minecraft:oak_log":3,"minecraft:gravel":1,"minecraft:dirt":1,"minecraft:cobweb":2,"minecraft:cracked_stone_bricks":1,"minecraft:stone_bricks":4,"minecraft:mossy_stone_bricks":1,"realmrpg_skeletons:unsaved_skeleton":1,"minecraft:deepslate":32,"iceandfire:chared_stone":4},"minecraft:broken":{"minecraft:stone_pickaxe":1,"minecraft:iron_axe":1},"minecraft:killed_by":{"minecraft:skeleton":1},"minecraft:dropped":{"iceandfire:chared_stone":12,"minecraft:bread":4,"minecraft:iron_sword":2,"iceandfire:raw_silver":2,"minecraft:moss_block":3,"chococraft:loverly_gysahl_green":4,"minecraft:wheat_seeds":1,"iceandfire:silver_axe":2,"minecraft:diamond":4,"minecraft:iron_helmet":2,"minecraft:flint":2,"minecraft:stick":1,"minecraft:emerald":10,"minecraft:gold_block":6,"minecraft:cobweb":10,"iceandfire:silver_sword":4,"minecraft:iron_leggings":2,"minecraft:wither_rose":1,"minecraft:iron_pickaxe":1,"minecraft:smooth_stone":2,"minecraft:string":1,"minecraft:gold_ingot":2,"minecraft:bone":6,"minecraft:gravel":11,"minecraft:moss_carpet":1,"minecraft:cobbled_deepslate":82,"minecraft:rotten_flesh":25,"minecraft:iron_boots":2,"minecraft:gunpowder":1,"minecraft:spruce_planks":51,"iceandfire:chared_cobblestone":6,"minecraft:diamond_pickaxe":1,"minecraft:iron_chestplate":3,"minecraft:azalea":1,"simplehats:nekoears":1,"minecraft:painting":7,"minecraft:iron_bars":2,"minecraft:raw_gold":10},"minecraft:killed":{"mca:female_zombie_villager":1,"minecraft:skeleton":8,"friendsandfoes:glare":1,"royalvariations:royal_zombie":1,"minecraft:zombie":7},"minecraft:used":{"chisel:large/oak_planks":1,"iceandfire:silver_sword":5,"minecraft:decorated_pot":2,"minecraft:iron_sword":111,"minecraft:torch":4,"tombstone:scroll_of_preservation":1,"minecraft:carrot":1,"minecraft:iron_axe":5,"minecraft:golden_carrot":1,"spelunkers_charm:rock":2,"tombstone:gift":5,"minecraft:water_bucket":8,"minecraft:stone_pickaxe":199,"minecraft:chainmail_helmet":1,"spartanshields:iron_tower_shield":10,"minecraft:glow_berries":20,"minecraft:crafting_table":4,"minecraft:white_bed":1,"iceandfire:silver_axe":14,"minecraft:diamond_pickaxe":110,"minecraft:bread":15,"minecraft:iron_pickaxe":205,"minecraft:cobblestone":85,"minecraft:bucket":8,"minecraft:smooth_stone":1,"minecraft:chainmail_leggings":1},"minecraft:picked_up":{"minecraft:crafting_table":2,"minecraft:iron_chestplate":1,"minecraft:wither_rose":1,"minecraft:gold_block":3,"minecraft:moss_carpet":1,"minecraft:string":2,"minecraft:raw_copper":25,"minecraft:experience_bottle":2,"minecraft:cracked_stone_bricks":1,"minecraft:smooth_stone":3,"minecraft:gold_nugget":736,"minecraft:cobbled_deepslate":84,"minecraft:spruce_planks":67,"minecraft:azalea":1,"minecraft:stick":9,"minecraft:raw_iron":61,"simplehats:hatbag_common":1,"minecraft:torch":6,"simplehats:nekoears":1,"tombstone:grave_dust":4,"minecraft:carrot":1,"minecraft:arrow":13,"minecraft:rotten_flesh":25,"minecraft:decorated_pot":2,"minecraft:gold_ingot":2,"minecraft:glow_berries":20,"minecraft:cobblestone":133,"minecraft:skeleton_skull":1,"minecraft:iron_bars":2,"iceandfire:silver_axe":2,"minecraft:golden_carrot":1,"paraglider:spirit_orb":4,"minecraft:flint":2,"minecraft:tuff":1,"minecraft:oak_log":3,"minecraft:gunpowder":1,"minecraft:lapis_lazuli":73,"minecraft:bone":11,"minecraft:stone_bricks":4,"minecraft:wheat_seeds":6,"minecraft:raw_gold":37,"minecraft:iron_ingot":2,"minecraft:cobweb":10,"minecraft:diamond_helmet":1,"minecraft:mossy_stone_bricks":1,"minecraft:moss_block":4,"minecraft:oak_planks":26,"iceandfire:chared_stone":12,"minecraft:dandelion":1,"minecraft:gravel":14,"iceandfire:chared_cobblestone":6,"minecraft:diamond":15,"chisel:large/oak_planks":1,"iceandfire:silver_sword":3,"minecraft:granite":4,"minecraft:painting":7,"minecraft:emerald":16,"minecraft:bread":1,"spelunkers_charm:rock":2,"minecraft:coal":57,"iceandfire:raw_silver":3}},"DataVersion":3465}