{"stats":{"minecraft:crafted":{"minecraft:warped_planks":108,"minecraft:bread":12,"minecraft:wheat":36},"minecraft:custom":{"minecraft:time_since_rest":11630,"minecraft:waystone_activated":2,"minecraft:interact_with_furnace":2,"minecraft:sprint_one_cm":21825,"minecraft:damage_taken":100,"minecraft:walk_one_cm":37003,"minecraft:drop":4,"minecraft:damage_dealt":11,"minecraft:interact_with_crafting_table":1,"minecraft:fly_one_cm":31719,"minecraft:open_chest":30,"minecraft:crouch_one_cm":118,"minecraft:play_time":11630,"minecraft:sneak_time":152,"minecraft:jump":127,"minecraft:time_since_death":11630,"minecraft:total_world_time":11630,"minecraft:climb_one_cm":539,"minecraft:fall_one_cm":4095},"minecraft:mined":{"minecraft:iron_ore":2,"chisel:large/oak_planks":1,"minecraft:dandelion":1,"minecraft:grass":59,"minecraft:oak_log":3,"minecraft:decorated_pot":2,"spelunkers_charm:rock_pile_2":1,"minecraft:tall_grass":15,"minecraft:cracked_stone_bricks":1,"minecraft:stone":11,"minecraft:stone_bricks":4,"minecraft:mossy_stone_bricks":1},"minecraft:broken":{"minecraft:iron_axe":1},"minecraft:dropped":{"minecraft:wheat_seeds":1,"minecraft:painting":7},"minecraft:used":{"chisel:large/oak_planks":1,"minecraft:iron_axe":3,"minecraft:bread":4,"minecraft:stone_pickaxe":19,"minecraft:decorated_pot":2,"minecraft:chainmail_helmet":1,"minecraft:cobblestone":1,"spelunkers_charm:rock":2,"minecraft:chainmail_leggings":1},"minecraft:picked_up":{"minecraft:raw_iron":2,"minecraft:dandelion":1,"minecraft:oak_log":3,"minecraft:stone_bricks":4,"minecraft:cracked_stone_bricks":1,"minecraft:decorated_pot":2,"minecraft:wheat_seeds":6,"chisel:large/oak_planks":1,"minecraft:painting":7,"minecraft:mossy_stone_bricks":1,"spelunkers_charm:rock":2,"minecraft:cobblestone":11}},"DataVersion":3465}