{"stats":{"minecraft:crafted":{"iceandfire:silver_axe":1,"minecraft:crafting_table":2,"minecraft:iron_helmet":3,"minecraft:iron_sword":3,"minecraft:bread":12,"minecraft:air":0,"minecraft:warped_planks":108,"minecraft:iron_boots":3,"minecraft:iron_chestplate":3,"minecraft:iron_axe":1,"minecraft:stick":8,"minecraft:iron_ingot":50,"minecraft:iron_pickaxe":1,"minecraft:stone_pickaxe":1,"minecraft:iron_leggings":2,"iceandfire:silver_sword":1,"minecraft:wheat":36},"minecraft:custom":{"minecraft:interact_with_furnace":6,"minecraft:mob_kills":2,"minecraft:interact_with_crafting_table":9,"goblintraders:trade_with_goblin":25,"minecraft:time_since_death":47630,"minecraft:climb_one_cm":539,"minecraft:time_since_rest":47630,"minecraft:waystone_activated":3,"minecraft:sprint_one_cm":108803,"minecraft:damage_taken":169,"minecraft:walk_one_cm":103035,"minecraft:drop":17,"minecraft:damage_dealt":332,"minecraft:fly_one_cm":79706,"minecraft:open_chest":72,"minecraft:crouch_one_cm":3252,"minecraft:play_time":47630,"tombstone:undead_killed":2,"minecraft:sneak_time":1340,"minecraft:walk_under_water_one_cm":1517,"minecraft:jump":512,"minecraft:walk_on_water_one_cm":959,"minecraft:total_world_time":47630,"minecraft:fall_one_cm":9469},"minecraft:mined":{"iceandfire:silver_ore":1,"chisel:large/oak_planks":1,"minecraft:dandelion":1,"minecraft:crafting_table":1,"minecraft:torch":3,"minecraft:granite":3,"minecraft:decorated_pot":2,"minecraft:tall_grass":18,"spelunkers_charm:rock_pile_2":1,"minecraft:copper_ore":8,"minecraft:cobblestone":10,"minecraft:oak_planks":13,"minecraft:wall_torch":1,"minecraft:smooth_stone":2,"minecraft:iron_ore":10,"minecraft:fire":1,"minecraft:wither_rose":1,"minecraft:grass":70,"minecraft:oak_log":3,"minecraft:coal_ore":56,"minecraft:dirt":1,"minecraft:cobweb":1,"minecraft:cracked_stone_bricks":1,"minecraft:stone_bricks":4,"minecraft:stone":108,"minecraft:mossy_stone_bricks":1},"minecraft:broken":{"minecraft:stone_pickaxe":1,"minecraft:iron_axe":1},"minecraft:dropped":{"minecraft:bread":3,"minecraft:wheat_seeds":1,"iceandfire:silver_axe":2,"iceandfire:silver_sword":4,"minecraft:painting":7,"minecraft:wither_rose":1,"minecraft:smooth_stone":2,"minecraft:bone":2},"minecraft:killed":{"minecraft:skeleton":2},"minecraft:used":{"minecraft:water_bucket":2,"chisel:large/oak_planks":1,"iceandfire:silver_sword":5,"minecraft:stone_pickaxe":199,"minecraft:decorated_pot":2,"minecraft:iron_sword":4,"minecraft:chainmail_helmet":1,"minecraft:torch":3,"minecraft:crafting_table":2,"iceandfire:silver_axe":14,"minecraft:iron_axe":3,"minecraft:bread":7,"minecraft:iron_pickaxe":5,"minecraft:cobblestone":16,"spelunkers_charm:rock":2,"minecraft:bucket":2,"minecraft:smooth_stone":1,"minecraft:chainmail_leggings":1},"minecraft:picked_up":{"minecraft:crafting_table":1,"minecraft:wither_rose":1,"minecraft:oak_log":3,"minecraft:string":1,"minecraft:raw_copper":25,"minecraft:bone":3,"minecraft:stone_bricks":4,"minecraft:cracked_stone_bricks":1,"minecraft:wheat_seeds":6,"minecraft:smooth_stone":3,"minecraft:mossy_stone_bricks":1,"minecraft:oak_planks":26,"minecraft:raw_iron":10,"minecraft:stick":4,"minecraft:torch":5,"minecraft:dandelion":1,"minecraft:arrow":1,"minecraft:decorated_pot":2,"iceandfire:silver_sword":2,"chisel:large/oak_planks":1,"minecraft:granite":4,"minecraft:painting":7,"spelunkers_charm:rock":2,"minecraft:coal":57,"minecraft:skeleton_skull":1,"iceandfire:raw_silver":1,"minecraft:cobblestone":130,"iceandfire:silver_axe":1}},"DataVersion":3465}