{"stats":{"minecraft:crafted":{"iceandfire:silver_axe":1,"minecraft:crafting_table":3,"spartanshields:iron_tower_shield":1,"spartanshields:wooden_tower_shield":1,"minecraft:iron_helmet":3,"minecraft:iron_sword":3,"minecraft:gold_block":9,"minecraft:bread":12,"minecraft:air":0,"minecraft:warped_planks":108,"minecraft:iron_boots":3,"minecraft:iron_chestplate":3,"minecraft:iron_axe":1,"minecraft:stick":8,"minecraft:iron_ingot":50,"minecraft:iron_pickaxe":1,"minecraft:stone_pickaxe":1,"minecraft:gold_ingot":82,"minecraft:iron_leggings":2,"minecraft:white_bed":1,"minecraft:torch":8,"iceandfire:silver_sword":1,"minecraft:wheat":36},"minecraft:custom":{"minecraft:interact_with_furnace":6,"spartanshields:shield_bash_hits":1,"minecraft:mob_kills":7,"minecraft:interact_with_crafting_table":16,"goblintraders:trade_with_goblin":25,"minecraft:time_since_death":77630,"minecraft:sleep_in_bed":1,"minecraft:climb_one_cm":539,"minecraft:time_since_rest":26020,"minecraft:waystone_activated":3,"minecraft:sprint_one_cm":217537,"minecraft:damage_taken":329,"minecraft:walk_one_cm":201537,"minecraft:damage_blocked_by_shield":70,"minecraft:drop":46,"minecraft:damage_dealt":1742,"minecraft:swim_one_cm":1856,"minecraft:fly_one_cm":120281,"minecraft:open_chest":93,"minecraft:crouch_one_cm":10519,"minecraft:play_time":77630,"tombstone:undead_killed":6,"minecraft:sneak_time":3237,"minecraft:walk_under_water_one_cm":1939,"minecraft:jump":889,"minecraft:walk_on_water_one_cm":4517,"minecraft:total_world_time":77630,"minecraft:fall_one_cm":12965},"minecraft:mined":{"minecraft:diamond_ore":3,"iceandfire:silver_ore":1,"minecraft:deepslate_diamond_ore":3,"chisel:large/oak_planks":1,"minecraft:dandelion":1,"minecraft:crafting_table":2,"minecraft:torch":3,"minecraft:granite":3,"minecraft:emerald_ore":18,"minecraft:decorated_pot":2,"minecraft:tall_grass":18,"spelunkers_charm:rock_pile_2":1,"minecraft:copper_ore":8,"minecraft:cobblestone":11,"minecraft:deepslate_gold_ore":18,"minecraft:oak_planks":13,"minecraft:wall_torch":1,"minecraft:smooth_stone":2,"minecraft:iron_ore":12,"minecraft:fire":1,"minecraft:deepslate_lapis_ore":9,"minecraft:wither_rose":1,"iceandfire:gold_pile":102,"minecraft:grass":70,"minecraft:deepslate_iron_ore":10,"minecraft:oak_log":3,"minecraft:coal_ore":56,"minecraft:gravel":1,"minecraft:dirt":1,"minecraft:cobweb":1,"minecraft:cracked_stone_bricks":1,"minecraft:stone_bricks":4,"minecraft:stone":108,"iceandfire:chared_stone":4,"iceandfire:chared_cobblestone":3,"minecraft:mossy_stone_bricks":1,"minecraft:deepslate":26},"minecraft:broken":{"minecraft:stone_pickaxe":1,"minecraft:iron_axe":1},"minecraft:dropped":{"minecraft:gravel":8,"iceandfire:raw_silver":2,"minecraft:bread":4,"minecraft:iron_sword":2,"minecraft:wheat_seeds":1,"iceandfire:silver_axe":2,"minecraft:rotten_flesh":11,"minecraft:iron_helmet":2,"minecraft:iron_boots":2,"minecraft:stick":1,"minecraft:cobweb":10,"iceandfire:chared_cobblestone":6,"minecraft:spruce_planks":41,"iceandfire:silver_sword":4,"minecraft:iron_chestplate":2,"minecraft:iron_leggings":2,"minecraft:painting":7,"minecraft:wither_rose":1,"minecraft:iron_bars":2,"iceandfire:chared_stone":12,"minecraft:smooth_stone":2,"minecraft:string":1,"minecraft:bone":4},"minecraft:killed":{"minecraft:skeleton":3,"minecraft:zombie":3},"minecraft:used":{"minecraft:water_bucket":3,"chisel:large/oak_planks":1,"iceandfire:silver_sword":5,"minecraft:stone_pickaxe":199,"minecraft:decorated_pot":2,"minecraft:iron_sword":34,"minecraft:chainmail_helmet":1,"spartanshields:iron_tower_shield":2,"minecraft:torch":4,"minecraft:crafting_table":3,"minecraft:white_bed":1,"iceandfire:silver_axe":14,"minecraft:iron_axe":4,"minecraft:bread":15,"minecraft:iron_pickaxe":205,"minecraft:cobblestone":31,"spelunkers_charm:rock":2,"minecraft:bucket":3,"minecraft:smooth_stone":1,"minecraft:chainmail_leggings":1},"minecraft:picked_up":{"minecraft:crafting_table":2,"minecraft:wither_rose":1,"minecraft:oak_log":3,"minecraft:lapis_lazuli":68,"minecraft:string":2,"minecraft:raw_copper":25,"minecraft:bone":5,"minecraft:stone_bricks":4,"minecraft:cracked_stone_bricks":1,"minecraft:gold_nugget":736,"minecraft:wheat_seeds":6,"minecraft:cobbled_deepslate":31,"minecraft:smooth_stone":3,"minecraft:raw_gold":17,"minecraft:spruce_planks":67,"minecraft:cobweb":10,"minecraft:mossy_stone_bricks":1,"minecraft:oak_planks":26,"iceandfire:chared_stone":12,"minecraft:raw_iron":24,"minecraft:stick":5,"minecraft:torch":6,"minecraft:dandelion":1,"minecraft:gravel":8,"minecraft:carrot":1,"iceandfire:chared_cobblestone":6,"minecraft:arrow":9,"minecraft:rotten_flesh":11,"minecraft:diamond":6,"minecraft:decorated_pot":2,"iceandfire:silver_sword":3,"chisel:large/oak_planks":1,"minecraft:granite":4,"minecraft:painting":7,"minecraft:gold_ingot":2,"minecraft:bread":1,"minecraft:emerald":16,"minecraft:iron_bars":2,"spelunkers_charm:rock":2,"minecraft:coal":57,"minecraft:skeleton_skull":1,"iceandfire:raw_silver":3,"minecraft:cobblestone":131,"iceandfire:silver_axe":2}},"DataVersion":3465}