{"stats":{"minecraft:crafted":{"spartanshields:wooden_tower_shield":1,"minecraft:warped_planks":108,"minecraft:iron_boots":3,"minecraft:iron_axe":1,"minecraft:stone_pickaxe":1,"minecraft:wheat":36,"iceandfire:silver_axe":1,"minecraft:crafting_table":3,"spartanshields:iron_tower_shield":1,"minecraft:iron_helmet":3,"minecraft:iron_sword":3,"minecraft:gold_block":9,"minecraft:bread":12,"minecraft:air":0,"minecraft:iron_chestplate":3,"minecraft:diamond_pickaxe":2,"minecraft:stick":12,"minecraft:iron_ingot":50,"minecraft:iron_pickaxe":1,"minecraft:iron_leggings":2,"minecraft:gold_ingot":82,"minecraft:white_bed":1,"minecraft:torch":8,"iceandfire:silver_sword":1},"minecraft:custom":{"minecraft:mob_kills":22,"minecraft:interact_with_crafting_table":19,"goblintraders:trade_with_goblin":25,"minecraft:damage_dealt_resisted":10,"minecraft:time_since_death":31124,"minecraft:climb_one_cm":539,"minecraft:sprint_one_cm":336753,"minecraft:walk_one_cm":329659,"minecraft:damage_blocked_by_shield":380,"minecraft:drop":85,"minecraft:deaths":2,"minecraft:play_time":149630,"minecraft:sneak_time":4975,"minecraft:walk_under_water_one_cm":4091,"minecraft:jump":1624,"minecraft:walk_on_water_one_cm":42602,"minecraft:total_world_time":149630,"minecraft:interact_with_furnace":6,"spartanshields:shield_bash_hits":5,"minecraft:sleep_in_bed":1,"minecraft:time_since_rest":30392,"minecraft:waystone_activated":3,"minecraft:damage_taken":1447,"minecraft:damage_absorbed":40,"tombstone:sneak_grave":2,"minecraft:damage_dealt":5919,"tombstone:cast_on_ally":4,"minecraft:swim_one_cm":5632,"minecraft:fly_one_cm":198703,"minecraft:open_chest":96,"minecraft:crouch_one_cm":15169,"tombstone:undead_killed":18,"minecraft:fall_one_cm":28511},"minecraft:mined":{"minecraft:diamond_ore":3,"minecraft:tuff":2,"iceandfire:silver_ore":1,"minecraft:deepslate_diamond_ore":14,"chisel:large/oak_planks":1,"minecraft:cave_vines_plant":27,"minecraft:granite":3,"minecraft:decorated_pot":2,"minecraft:deepslate_bricks":1,"minecraft:moss_block":3,"minecraft:spawner":2,"minecraft:smooth_stone":2,"minecraft:iron_ore":16,"minecraft:cobbled_deepslate":3,"minecraft:fire":1,"minecraft:deepslate_lapis_ore":10,"minecraft:cave_vines":38,"minecraft:deepslate_iron_ore":44,"iceandfire:gold_pile":102,"minecraft:stone":108,"iceandfire:chared_cobblestone":3,"minecraft:dandelion":1,"minecraft:crafting_table":3,"minecraft:torch":3,"minecraft:emerald_ore":18,"minecraft:copper_ore":8,"spelunkers_charm:rock_pile_2":1,"minecraft:tall_grass":19,"minecraft:cobblestone":13,"minecraft:deepslate_gold_ore":42,"minecraft:oak_planks":13,"minecraft:wall_torch":1,"minecraft:wither_rose":1,"minecraft:grass":73,"minecraft:coal_ore":56,"minecraft:oak_log":3,"minecraft:gravel":3,"minecraft:dirt":1,"minecraft:cobweb":2,"minecraft:cracked_stone_bricks":1,"minecraft:stone_bricks":4,"minecraft:mossy_stone_bricks":1,"realmrpg_skeletons:unsaved_skeleton":1,"minecraft:deepslate":41,"iceandfire:chared_stone":4},"minecraft:broken":{"minecraft:stone_pickaxe":1,"minecraft:iron_axe":1},"minecraft:killed_by":{"minecraft:cave_spider":1,"minecraft:skeleton":1},"minecraft:dropped":{"iceandfire:chared_stone":12,"minecraft:bread":4,"minecraft:iron_sword":2,"iceandfire:raw_silver":2,"minecraft:moss_block":3,"chococraft:loverly_gysahl_green":4,"minecraft:wheat_seeds":1,"minecraft:lapis_lazuli":9,"iceandfire:silver_axe":2,"minecraft:diamond":4,"minecraft:iron_helmet":2,"minecraft:glow_berries":1,"minecraft:rail":9,"minecraft:flint":2,"minecraft:stick":1,"minecraft:emerald":10,"minecraft:gold_block":6,"minecraft:cobweb":10,"iceandfire:silver_sword":4,"minecraft:iron_leggings":2,"minecraft:wither_rose":1,"minecraft:iron_pickaxe":1,"minecraft:smooth_stone":2,"minecraft:string":2,"minecraft:gold_ingot":2,"minecraft:bone":12,"minecraft:gravel":11,"minecraft:moss_carpet":1,"minecraft:cobbled_deepslate":82,"minecraft:rotten_flesh":25,"minecraft:iron_boots":2,"minecraft:gunpowder":1,"minecraft:spruce_planks":51,"iceandfire:chared_cobblestone":6,"minecraft:diamond_pickaxe":1,"minecraft:iron_chestplate":3,"minecraft:azalea":1,"simplehats:nekoears":1,"minecraft:spider_eye":1,"minecraft:painting":7,"minecraft:iron_bars":2,"minecraft:arrow":12,"minecraft:raw_gold":10},"minecraft:killed":{"mca:female_zombie_villager":1,"minecraft:cave_spider":1,"minecraft:skeleton":8,"friendsandfoes:glare":1,"royalvariations:royal_zombie":1,"minecraft:zombie":8,"minecraft:enderman":1},"minecraft:used":{"chisel:large/oak_planks":1,"iceandfire:silver_sword":5,"minecraft:decorated_pot":2,"minecraft:iron_sword":149,"minecraft:torch":4,"tombstone:scroll_of_preservation":1,"minecraft:carrot":1,"minecraft:iron_axe":5,"minecraft:golden_carrot":1,"spelunkers_charm:rock":2,"tombstone:gift":8,"minecraft:cobbled_deepslate":10,"minecraft:water_bucket":14,"minecraft:stone_pickaxe":199,"minecraft:chainmail_helmet":1,"spartanshields:iron_tower_shield":14,"minecraft:golden_apple":1,"minecraft:glow_berries":36,"minecraft:crafting_table":4,"minecraft:white_bed":1,"iceandfire:silver_axe":14,"minecraft:diamond_pickaxe":131,"minecraft:bread":18,"minecraft:iron_pickaxe":205,"minecraft:cobblestone":85,"minecraft:bucket":14,"minecraft:smooth_stone":1,"minecraft:chainmail_leggings":1},"minecraft:picked_up":{"minecraft:crafting_table":2,"minecraft:iron_chestplate":2,"minecraft:enchanted_book":1,"minecraft:wither_rose":1,"minecraft:gold_block":3,"minecraft:moss_carpet":1,"minecraft:string":3,"minecraft:raw_copper":25,"minecraft:experience_bottle":2,"minecraft:cracked_stone_bricks":1,"minecraft:smooth_stone":3,"minecraft:gold_nugget":736,"minecraft:cobbled_deepslate":96,"minecraft:spruce_planks":67,"minecraft:azalea":1,"tombstone:tablet_of_assistance":1,"minecraft:stick":9,"minecraft:raw_iron":61,"simplehats:hatbag_common":3,"minecraft:torch":22,"simplehats:nekoears":1,"tombstone:grave_dust":5,"minecraft:carrot":1,"minecraft:arrow":14,"minecraft:rotten_flesh":25,"simplehats:burgerhat":1,"minecraft:decorated_pot":2,"minecraft:gold_ingot":2,"minecraft:rail":9,"minecraft:glow_berries":34,"minecraft:cobblestone":133,"minecraft:skeleton_skull":1,"minecraft:iron_bars":2,"iceandfire:silver_axe":2,"minecraft:golden_carrot":1,"spelunkers_charm:old_miners_bundle":2,"paraglider:spirit_orb":4,"minecraft:flint":2,"minecraft:tuff":1,"minecraft:oak_log":3,"minecraft:gunpowder":1,"minecraft:lapis_lazuli":73,"tombstone:gift":1,"minecraft:bone":15,"simplehats:gnome_clover_wig":1,"minecraft:stone_bricks":4,"minecraft:wheat_seeds":6,"minecraft:raw_gold":41,"minecraft:iron_ingot":6,"minecraft:cobweb":10,"simplehats:hatbag_uncommon":1,"minecraft:diamond_helmet":1,"minecraft:mossy_stone_bricks":1,"minecraft:moss_block":4,"minecraft:oak_planks":26,"iceandfire:chared_stone":12,"simplehats:sheep":1,"minecraft:dandelion":1,"minecraft:gravel":14,"minecraft:spider_eye":1,"iceandfire:chared_cobblestone":6,"minecraft:diamond":18,"chisel:large/oak_planks":1,"iceandfire:silver_sword":3,"minecraft:granite":4,"minecraft:painting":7,"minecraft:golden_apple":1,"minecraft:emerald":16,"minecraft:bread":4,"spelunkers_charm:rock":2,"minecraft:coal":57,"iceandfire:raw_silver":3}},"DataVersion":3465}