{"stats":{"minecraft:crafted":{"iceandfire:silver_axe":1,"minecraft:crafting_table":2,"spartanshields:iron_tower_shield":1,"spartanshields:wooden_tower_shield":1,"minecraft:iron_helmet":3,"minecraft:iron_sword":3,"minecraft:bread":12,"minecraft:air":0,"minecraft:warped_planks":108,"minecraft:iron_boots":3,"minecraft:iron_chestplate":3,"minecraft:iron_axe":1,"minecraft:stick":8,"minecraft:iron_ingot":50,"minecraft:iron_pickaxe":1,"minecraft:stone_pickaxe":1,"minecraft:iron_leggings":2,"minecraft:white_bed":1,"minecraft:torch":8,"iceandfire:silver_sword":1,"minecraft:wheat":36},"minecraft:custom":{"minecraft:interact_with_furnace":6,"spartanshields:shield_bash_hits":1,"minecraft:mob_kills":6,"minecraft:interact_with_crafting_table":13,"goblintraders:trade_with_goblin":25,"minecraft:time_since_death":65630,"minecraft:sleep_in_bed":1,"minecraft:climb_one_cm":539,"minecraft:time_since_rest":14020,"minecraft:waystone_activated":3,"minecraft:sprint_one_cm":164441,"minecraft:damage_taken":271,"minecraft:walk_one_cm":167484,"minecraft:damage_blocked_by_shield":70,"minecraft:drop":29,"minecraft:damage_dealt":1580,"minecraft:swim_one_cm":858,"minecraft:fly_one_cm":100131,"minecraft:open_chest":82,"minecraft:crouch_one_cm":9584,"minecraft:play_time":65630,"tombstone:undead_killed":5,"minecraft:sneak_time":2973,"minecraft:walk_under_water_one_cm":1642,"minecraft:jump":716,"minecraft:walk_on_water_one_cm":3015,"minecraft:total_world_time":65630,"minecraft:fall_one_cm":10688},"minecraft:mined":{"iceandfire:silver_ore":1,"minecraft:deepslate_diamond_ore":3,"chisel:large/oak_planks":1,"minecraft:dandelion":1,"minecraft:crafting_table":1,"minecraft:torch":3,"minecraft:granite":3,"minecraft:emerald_ore":1,"minecraft:decorated_pot":2,"minecraft:tall_grass":18,"spelunkers_charm:rock_pile_2":1,"minecraft:copper_ore":8,"minecraft:cobblestone":11,"minecraft:deepslate_gold_ore":18,"minecraft:oak_planks":13,"minecraft:wall_torch":1,"minecraft:smooth_stone":2,"minecraft:iron_ore":10,"minecraft:fire":1,"minecraft:deepslate_lapis_ore":9,"minecraft:wither_rose":1,"minecraft:grass":70,"minecraft:deepslate_iron_ore":10,"minecraft:oak_log":3,"minecraft:coal_ore":56,"minecraft:dirt":1,"minecraft:cobweb":1,"minecraft:cracked_stone_bricks":1,"minecraft:stone_bricks":4,"minecraft:stone":108,"iceandfire:chared_stone":1,"iceandfire:chared_cobblestone":1,"minecraft:mossy_stone_bricks":1,"minecraft:deepslate":26},"minecraft:broken":{"minecraft:stone_pickaxe":1,"minecraft:iron_axe":1},"minecraft:dropped":{"minecraft:bread":4,"minecraft:iron_sword":2,"minecraft:wheat_seeds":1,"iceandfire:silver_axe":2,"minecraft:rotten_flesh":11,"minecraft:iron_helmet":2,"minecraft:iron_boots":2,"iceandfire:silver_sword":4,"minecraft:iron_chestplate":2,"minecraft:iron_leggings":2,"minecraft:painting":7,"minecraft:wither_rose":1,"minecraft:smooth_stone":2,"minecraft:bone":2},"minecraft:killed":{"minecraft:skeleton":3,"minecraft:zombie":2},"minecraft:used":{"minecraft:water_bucket":3,"chisel:large/oak_planks":1,"iceandfire:silver_sword":5,"minecraft:stone_pickaxe":199,"minecraft:decorated_pot":2,"minecraft:iron_sword":30,"minecraft:chainmail_helmet":1,"spartanshields:iron_tower_shield":2,"minecraft:torch":3,"minecraft:crafting_table":2,"minecraft:white_bed":1,"iceandfire:silver_axe":14,"minecraft:iron_axe":3,"minecraft:bread":12,"minecraft:iron_pickaxe":76,"minecraft:cobblestone":19,"spelunkers_charm:rock":2,"minecraft:bucket":3,"minecraft:smooth_stone":1,"minecraft:chainmail_leggings":1},"minecraft:picked_up":{"minecraft:crafting_table":1,"minecraft:wither_rose":1,"minecraft:oak_log":3,"minecraft:lapis_lazuli":68,"minecraft:string":1,"minecraft:raw_copper":25,"minecraft:bone":5,"minecraft:stone_bricks":4,"minecraft:cracked_stone_bricks":1,"minecraft:wheat_seeds":6,"minecraft:cobbled_deepslate":27,"minecraft:smooth_stone":3,"minecraft:raw_gold":17,"minecraft:mossy_stone_bricks":1,"minecraft:oak_planks":26,"iceandfire:chared_stone":2,"minecraft:raw_iron":21,"minecraft:stick":4,"minecraft:torch":5,"minecraft:dandelion":1,"minecraft:carrot":1,"iceandfire:chared_cobblestone":1,"minecraft:arrow":1,"minecraft:rotten_flesh":11,"minecraft:diamond":3,"minecraft:decorated_pot":2,"iceandfire:silver_sword":3,"chisel:large/oak_planks":1,"minecraft:granite":4,"minecraft:painting":7,"minecraft:gold_ingot":2,"minecraft:bread":1,"minecraft:emerald":1,"spelunkers_charm:rock":2,"minecraft:coal":57,"minecraft:skeleton_skull":1,"iceandfire:raw_silver":1,"minecraft:cobblestone":131,"iceandfire:silver_axe":2}},"DataVersion":3465}