{"stats":{"minecraft:crafted":{"iceandfire:silver_axe":1,"minecraft:crafting_table":2,"minecraft:bread":12,"minecraft:air":0,"minecraft:warped_planks":108,"minecraft:iron_ingot":16,"minecraft:stone_pickaxe":1,"iceandfire:silver_sword":1,"minecraft:wheat":36},"minecraft:custom":{"minecraft:interact_with_furnace":5,"minecraft:mob_kills":1,"minecraft:interact_with_crafting_table":4,"goblintraders:trade_with_goblin":8,"minecraft:time_since_death":35630,"minecraft:climb_one_cm":539,"minecraft:time_since_rest":35630,"minecraft:waystone_activated":3,"minecraft:sprint_one_cm":87239,"minecraft:damage_taken":144,"minecraft:walk_one_cm":92388,"minecraft:drop":8,"minecraft:damage_dealt":131,"minecraft:fly_one_cm":67892,"minecraft:open_chest":57,"minecraft:crouch_one_cm":2931,"minecraft:play_time":35630,"tombstone:undead_killed":1,"minecraft:sneak_time":1222,"minecraft:walk_under_water_one_cm":1517,"minecraft:jump":405,"minecraft:walk_on_water_one_cm":959,"minecraft:total_world_time":35630,"minecraft:fall_one_cm":8515},"minecraft:mined":{"iceandfire:silver_ore":1,"chisel:large/oak_planks":1,"minecraft:dandelion":1,"minecraft:crafting_table":1,"minecraft:torch":1,"minecraft:granite":3,"minecraft:decorated_pot":2,"minecraft:tall_grass":18,"spelunkers_charm:rock_pile_2":1,"minecraft:copper_ore":8,"minecraft:cobblestone":7,"minecraft:oak_planks":13,"minecraft:wall_torch":1,"minecraft:iron_ore":10,"minecraft:fire":1,"minecraft:wither_rose":1,"minecraft:grass":70,"minecraft:oak_log":3,"minecraft:coal_ore":56,"minecraft:dirt":1,"minecraft:cobweb":1,"minecraft:cracked_stone_bricks":1,"minecraft:stone_bricks":4,"minecraft:stone":108,"minecraft:mossy_stone_bricks":1},"minecraft:broken":{"minecraft:stone_pickaxe":1,"minecraft:iron_axe":1},"minecraft:dropped":{"minecraft:bread":3,"minecraft:wheat_seeds":1,"minecraft:painting":7,"minecraft:wither_rose":1},"minecraft:killed":{"minecraft:skeleton":1},"minecraft:used":{"minecraft:water_bucket":2,"chisel:large/oak_planks":1,"iceandfire:silver_sword":5,"minecraft:stone_pickaxe":199,"minecraft:decorated_pot":2,"minecraft:chainmail_helmet":1,"minecraft:torch":1,"minecraft:crafting_table":2,"iceandfire:silver_axe":14,"minecraft:iron_axe":3,"minecraft:bread":7,"minecraft:cobblestone":13,"spelunkers_charm:rock":2,"minecraft:bucket":2,"minecraft:chainmail_leggings":1},"minecraft:picked_up":{"minecraft:crafting_table":1,"minecraft:wither_rose":1,"minecraft:oak_log":3,"minecraft:string":1,"minecraft:raw_copper":25,"minecraft:bone":1,"minecraft:stone_bricks":4,"minecraft:cracked_stone_bricks":1,"minecraft:wheat_seeds":6,"minecraft:mossy_stone_bricks":1,"minecraft:oak_planks":26,"minecraft:raw_iron":10,"minecraft:stick":4,"minecraft:torch":3,"minecraft:dandelion":1,"minecraft:arrow":1,"minecraft:decorated_pot":2,"chisel:large/oak_planks":1,"minecraft:granite":4,"minecraft:painting":7,"spelunkers_charm:rock":2,"minecraft:coal":57,"minecraft:skeleton_skull":1,"iceandfire:raw_silver":1,"minecraft:cobblestone":127}},"DataVersion":3465}