{"stats":{"minecraft:crafted":{"spartanshields:wooden_tower_shield":2,"minecraft:warped_planks":108,"spartanshields:obsidian_tower_shield":1,"minecraft:iron_boots":3,"minecraft:iron_axe":1,"minecraft:stone_pickaxe":1,"sophisticatedbackpacks:iron_backpack":1,"minecraft:wheat":36,"iceandfire:silver_axe":1,"minecraft:crafting_table":3,"spartanshields:iron_tower_shield":1,"minecraft:iron_helmet":3,"minecraft:iron_sword":3,"sophisticatedbackpacks:gold_backpack":1,"minecraft:gold_block":9,"minecraft:bread":12,"minecraft:air":0,"minecraft:iron_chestplate":3,"minecraft:diamond_pickaxe":2,"minecraft:stick":16,"minecraft:iron_ingot":123,"minecraft:iron_pickaxe":1,"minecraft:iron_leggings":2,"minecraft:gold_ingot":91,"minecraft:white_bed":1,"minecraft:torch":8,"iceandfire:silver_sword":1},"minecraft:custom":{"minecraft:mob_kills":27,"minecraft:interact_with_crafting_table":26,"goblintraders:trade_with_goblin":25,"minecraft:damage_dealt_resisted":72,"minecraft:leave_game":1,"minecraft:time_since_death":14611,"minecraft:climb_one_cm":539,"minecraft:sprint_one_cm":401899,"minecraft:walk_one_cm":564310,"minecraft:damage_blocked_by_shield":700,"minecraft:drop":157,"minecraft:deaths":9,"minecraft:play_time":211067,"minecraft:sneak_time":5741,"minecraft:walk_under_water_one_cm":13966,"tombstone:tomb_raiding":3,"minecraft:jump":2019,"minecraft:walk_on_water_one_cm":56975,"minecraft:total_world_time":211067,"minecraft:interact_with_furnace":21,"spartanshields:shield_bash_hits":14,"minecraft:sleep_in_bed":1,"minecraft:time_since_rest":12975,"minecraft:waystone_activated":4,"minecraft:damage_taken":3872,"minecraft:damage_absorbed":80,"tombstone:sneak_grave":2,"minecraft:damage_dealt":9018,"tombstone:cast_on_ally":5,"minecraft:player_kills":4,"minecraft:swim_one_cm":9192,"minecraft:fly_one_cm":286905,"minecraft:open_chest":125,"minecraft:crouch_one_cm":16805,"tombstone:undead_killed":22,"minecraft:fall_one_cm":35795},"minecraft:mined":{"minecraft:diamond_ore":3,"minecraft:tuff":2,"iceandfire:silver_ore":1,"minecraft:deepslate_diamond_ore":14,"chisel:large/oak_planks":1,"minecraft:cave_vines_plant":27,"minecraft:granite":3,"minecraft:decorated_pot":2,"minecraft:deepslate_bricks":1,"minecraft:moss_block":3,"minecraft:spawner":2,"minecraft:smooth_stone":11,"minecraft:iron_ore":16,"minecraft:cobbled_deepslate":4,"minecraft:fire":1,"minecraft:deepslate_lapis_ore":10,"minecraft:cave_vines":38,"minecraft:deepslate_iron_ore":44,"iceandfire:gold_pile":102,"minecraft:stone":129,"iceandfire:chared_cobblestone":3,"minecraft:dandelion":2,"minecraft:crafting_table":3,"minecraft:torch":4,"minecraft:emerald_ore":18,"minecraft:copper_ore":10,"spelunkers_charm:rock_pile_2":1,"minecraft:tall_grass":29,"minecraft:cobblestone":13,"minecraft:deepslate_gold_ore":42,"minecraft:oak_planks":13,"minecraft:wall_torch":1,"minecraft:ice":1,"minecraft:wither_rose":1,"minecraft:grass":111,"minecraft:coal_ore":56,"minecraft:oak_log":5,"minecraft:gravel":3,"minecraft:dirt":1,"minecraft:cobweb":2,"minecraft:cracked_stone_bricks":1,"minecraft:stone_bricks":4,"minecraft:mossy_stone_bricks":1,"realmrpg_skeletons:unsaved_skeleton":1,"minecraft:deepslate":41,"iceandfire:chared_stone":4},"minecraft:broken":{"minecraft:stone_pickaxe":1,"minecraft:iron_axe":1},"minecraft:killed_by":{"mowziesmobs:ferrous_wroughtnaut":5,"minecraft:cave_spider":1,"minecraft:skeleton":2},"minecraft:dropped":{"iceandfire:chared_stone":12,"minecraft:bread":4,"minecraft:iron_sword":2,"iceandfire:raw_silver":2,"spartanshields:iron_tower_shield":1,"minecraft:moss_block":3,"chococraft:loverly_gysahl_green":4,"minecraft:wheat_seeds":2,"minecraft:lapis_lazuli":9,"iceandfire:silver_axe":2,"minecraft:diamond":4,"minecraft:cobblestone":5,"minecraft:iron_helmet":5,"minecraft:glow_berries":2,"minecraft:rail":18,"minecraft:golden_apple":1,"mowziesmobs:wrought_axe":3,"sophisticatedbackpacks:gold_backpack":3,"minecraft:flint":2,"minecraft:stick":7,"minecraft:emerald":10,"minecraft:gold_block":6,"minecraft:cobweb":10,"minecraft:dirt":15,"minecraft:torch":1,"iceandfire:silver_sword":4,"tombstone:grave_dust":2,"minecraft:iron_leggings":2,"mowziesmobs:wrought_helmet":1,"minecraft:wither_rose":1,"minecraft:sand":6,"minecraft:iron_pickaxe":1,"minecraft:smooth_stone":5,"minecraft:string":14,"minecraft:redstone":7,"minecraft:gold_ingot":8,"minecraft:bone":14,"minecraft:gravel":11,"minecraft:moss_carpet":1,"minecraft:cobbled_deepslate":84,"minecraft:raw_copper":4,"minecraft:rotten_flesh":75,"minecraft:iron_boots":2,"spartanshields:obsidian_tower_shield":1,"minecraft:diamond_sword":3,"minecraft:gunpowder":3,"simplehats:hatbag_common":3,"minecraft:diamond_chestplate":3,"minecraft:spruce_planks":51,"iceandfire:chared_cobblestone":6,"minecraft:diamond_pickaxe":4,"minecraft:iron_chestplate":3,"minecraft:azalea":1,"simplehats:nekoears":1,"minecraft:spider_eye":4,"minecraft:painting":7,"minecraft:iron_bars":2,"minecraft:arrow":20,"minecraft:raw_gold":10},"minecraft:killed":{"mca:female_zombie_villager":1,"minecraft:cave_spider":1,"minecraft:skeleton":8,"friendsandfoes:glare":1,"royalvariations:royal_zombie":1,"minecraft:zombie":12,"minecraft:enderman":1},"minecraft:used":{"chisel:large/oak_planks":1,"iceandfire:silver_sword":5,"minecraft:decorated_pot":2,"minecraft:iron_sword":188,"minecraft:iron_chestplate":4,"minecraft:torch":4,"tombstone:scroll_of_preservation":1,"minecraft:carrot":1,"minecraft:iron_axe":21,"minecraft:golden_carrot":1,"spelunkers_charm:rock":2,"tombstone:gift":11,"minecraft:cobbled_deepslate":13,"minecraft:water_bucket":19,"minecraft:stone_pickaxe":199,"minecraft:chainmail_helmet":1,"spartanshields:iron_tower_shield":14,"minecraft:golden_apple":2,"minecraft:glow_berries":64,"minecraft:crafting_table":4,"minecraft:white_bed":1,"iceandfire:silver_axe":14,"mowziesmobs:wrought_axe":22,"minecraft:diamond_pickaxe":165,"minecraft:bread":18,"minecraft:iron_pickaxe":205,"minecraft:cobblestone":102,"minecraft:bucket":19,"spartanshields:obsidian_tower_shield":5,"minecraft:experience_bottle":2,"minecraft:smooth_stone":1,"minecraft:chainmail_leggings":1},"minecraft:picked_up":{"minecraft:crafting_table":2,"minecraft:iron_chestplate":2,"simplehats:eyeholder_xanath":1,"minecraft:enchanted_book":1,"minecraft:wither_rose":1,"minecraft:gold_block":3,"simplehats:toast":1,"minecraft:moss_carpet":1,"minecraft:string":3,"minecraft:raw_copper":31,"simplehats:triangleshades":1,"minecraft:experience_bottle":2,"minecraft:cracked_stone_bricks":1,"minecraft:smooth_stone":3,"minecraft:gold_nugget":736,"minecraft:cobbled_deepslate":97,"simplehats:tricorne":1,"minecraft:spruce_planks":67,"minecraft:azalea":1,"tombstone:tablet_of_assistance":1,"tombstone:scroll_of_lightning_resistance":1,"minecraft:stick":9,"minecraft:raw_iron":61,"simplehats:hatbag_common":4,"minecraft:torch":32,"simplehats:nekoears":1,"sophisticatedbackpacks:backpack":1,"tombstone:grave_dust":6,"minecraft:carrot":1,"minecraft:redstone":7,"minecraft:arrow":16,"minecraft:rotten_flesh":30,"simplehats:burgerhat":1,"minecraft:decorated_pot":2,"mowziesmobs:ice_crystal":1,"minecraft:gold_ingot":2,"minecraft:rail":18,"minecraft:glow_berries":39,"minecraft:cobblestone":154,"minecraft:skeleton_skull":1,"minecraft:iron_bars":2,"iceandfire:silver_axe":2,"minecraft:golden_carrot":1,"simplehats:circular_glasses":1,"spelunkers_charm:old_miners_bundle":3,"paraglider:spirit_orb":4,"minecraft:flint":2,"minecraft:tuff":1,"minecraft:oak_log":3,"minecraft:gunpowder":3,"mowziesmobs:wrought_axe":3,"minecraft:lapis_lazuli":73,"tombstone:gift":1,"simplehats:hatbag_epic":1,"minecraft:bone":15,"simplehats:gnome_clover_wig":1,"minecraft:stone_bricks":4,"minecraft:wheat_seeds":10,"minecraft:raw_gold":41,"minecraft:iron_ingot":6,"minecraft:cobweb":10,"simplehats:hatbag_uncommon":1,"minecraft:diamond_helmet":1,"minecraft:mossy_stone_bricks":1,"minecraft:moss_block":4,"minecraft:oak_planks":26,"iceandfire:chared_stone":12,"simplehats:sheep":1,"minecraft:dandelion":2,"minecraft:gravel":14,"mowziesmobs:wrought_helmet":2,"minecraft:spider_eye":1,"iceandfire:chared_cobblestone":6,"minecraft:diamond":18,"chisel:large/oak_planks":1,"iceandfire:silver_sword":3,"minecraft:granite":4,"minecraft:painting":7,"minecraft:golden_apple":2,"minecraft:emerald":16,"minecraft:bread":4,"spelunkers_charm:rock":2,"minecraft:coal":57,"iceandfire:raw_silver":3}},"DataVersion":3465}