{"stats":{"minecraft:broken":{"toughasnails:leaf_boots":1,"toughasnails:leaf_chestplate":1,"minecraft:iron_boots":1,"minecraft:iron_chestplate":1,"minecraft:iron_leggings":1,"minecraft:stone_pickaxe":2,"minecraft:stone_axe":1,"minecraft:iron_sword":1,"minecraft:chainmail_helmet":1,"toughasnails:water_canteen":3,"minecraft:wooden_pickaxe":1,"minecraft:shield":2,"minecraft:iron_pickaxe":1,"toughasnails:purified_water_canteen":9},"minecraft:mined":{"minecraft:spruce_planks":3,"comforts:rope_and_nail":1,"minecraft:granite":19,"minecraft:budding_amethyst":5,"minecraft:grass_block":19,"minecraft:cracked_polished_blackstone_bricks":3,"minecraft:deepslate_bricks":4,"realmrpg_skeletons:dungeon_crawler_skeleton":2,"minecraft:spawner":10,"minecraft:smooth_stone":1,"minecraft:polished_blackstone_bricks":14,"minecraft:raw_iron_block":1,"minecraft:iron_ore":194,"minecraft:fire":10,"minecraft:cobbled_deepslate":39,"minecraft:deepslate_lapis_ore":10,"minecraft:azure_bluet":1,"realmrpg_skeletons:devastated_skeleton":1,"minecraft:cave_vines":1,"chococraft:gysahl_green":42,"minecraft:pointed_dripstone":4,"iceandfire:gold_pile":41,"minecraft:iron_bars":2,"iceandfire:chared_cobblestone":11,"minecraft:deepslate_redstone_ore":8,"minecraft:blackstone":1,"minecraft:medium_amethyst_bud":1,"minecraft:amethyst_cluster":15,"realmrpg_skeletons:winter_skeleton":1,"iceandfire:dragon_ice_spikes":4,"minecraft:torch":16,"minecraft:calcite":6,"minecraft:cobblestone":44,"realmrpg_skeletons:thief_skeleton":1,"minecraft:sugar_cane":5,"minecraft:oak_planks":4,"minecraft:wall_torch":40,"minecraft:amethyst_block":26,"realmrpg_skeletons:bow_skeleton":1,"realmrpg_skeletons:webbed_skeleton":1,"minecraft:birch_log":13,"minecraft:wheat":5,"realmrpg_skeletons:acrobat_skeleton":2,"minecraft:light_gray_wool":2,"minecraft:grass":713,"minecraft:oak_log":63,"minecraft:sand":16,"minecraft:dirt":59,"minecraft:smooth_basalt":7,"minecraft:netherrack":69,"realmrpg_skeletons:unsaved_skeleton":1,"minecraft:deepslate":233,"minecraft:oak_leaves":8,"iceandfire:chared_stone":20,"minecraft:diamond_ore":1,"minecraft:tuff":17,"iceandfire:silver_ore":3,"minecraft:mossy_cobblestone":1,"minecraft:deepslate_diamond_ore":20,"iceandfire:frozen_cobblestone":1,"minecraft:lever":4,"minecraft:spruce_fence":1,"minecraft:redstone_wire":6,"iceandfire:deepslate_silver_ore":2,"iceandfire:frozen_splinters":2,"minecraft:spruce_leaves":8,"iceandfire:dragon_ice":1,"minecraft:large_fern":1,"minecraft:hay_block":9,"minecraft:furnace":9,"minecraft:andesite":23,"minecraft:stripped_spruce_log":12,"minecraft:gold_block":1,"minecraft:deepslate_iron_ore":82,"minecraft:cobblestone_slab":2,"minecraft:vine":13,"minecraft:stone":512,"minecraft:glass_pane":1,"toughasnails:water_purifier":4,"minecraft:brown_carpet":7,"minecraft:stone_brick_slab":20,"minecraft:dandelion":6,"minecraft:crafting_table":19,"minecraft:emerald_ore":1,"minecraft:lapis_ore":7,"minecraft:copper_ore":5,"minecraft:tall_grass":164,"minecraft:deepslate_coal_ore":2,"realmrpg_skeletons:quicksand_skeleton":2,"minecraft:deepslate_gold_ore":27,"minecraft:diorite":14,"minecraft:blue_bed":5,"minecraft:birch_planks":1,"minecraft:stripped_spruce_wood":3,"minecraft:ice":1,"minecraft:white_carpet":9,"minecraft:spruce_log":15,"minecraft:birch_leaves":1,"iceandfire:ash":1,"minecraft:coal_ore":153,"iceandfire:silver_pile":54,"minecraft:gravel":3,"minecraft:dripstone_block":12,"minecraft:cobweb":9,"minecraft:cracked_stone_bricks":22,"minecraft:stone_bricks":18,"minecraft:mossy_stone_bricks":15,"minecraft:gold_ore":5},"minecraft:used":{"toughasnails:wool_boots":1,"minecraft:chest":4,"minecraft:shield":90,"minecraft:iron_sword":435,"minecraft:rotten_flesh":5,"minecraft:iron_chestplate":2,"chococraft:chocobo_drumstick_cooked":4,"endrem:old_eye":1,"minecraft:tuff":10,"minecraft:obsidian":3,"minecraft:stripped_spruce_log":1,"minecraft:lava_bucket":1,"iceandfire:armor_silver_metal_leggings":1,"iceandfire:ghost_chest":1,"minecraft:iron_helmet":1,"minecraft:stone_bricks":12,"minecraft:golden_sword":2,"minecraft:bow":63,"minecraft:furnace":12,"minecraft:skeleton_skull":1,"minecraft:egg":2,"minecraft:stripped_spruce_wood":2,"minecraft:golden_boots":1,"minecraft:mossy_stone_bricks":8,"minecraft:diorite":6,"minecraft:leather_leggings":1,"minecraft:stone_pickaxe":424,"minecraft:oak_planks":6,"minecraft:wooden_pickaxe":69,"minecraft:diamond_axe":8,"minecraft:blue_bed":4,"toughasnails:water_canteen":75,"minecraft:golden_apple":7,"minecraft:glow_berries":4,"toughasnails:wool_helmet":1,"minecraft:dripstone_block":2,"waystones:waystone":1,"minecraft:bread":26,"minecraft:gravel":3,"minecraft:golden_helmet":2,"minecraft:diamond_sword":70,"minecraft:wooden_sword":54,"minecraft:andesite":4,"chococraft:gysahl_green":1,"minecraft:experience_bottle":2,"toughasnails:wool_chestplate":1,"iceandfire:silver_sword":42,"toughasnails:leaf_helmet":1,"minecraft:stone_sword":48,"toughasnails:water_purifier":7,"minecraft:flint_and_steel":1,"minecraft:spruce_planks":2,"toughasnails:wool_leggings":1,"minecraft:netherrack":32,"minecraft:oak_door":2,"minecraft:torch":110,"minecraft:dirt":22,"toughasnails:empty_canteen":18,"minecraft:granite":6,"mowziesmobs:wrought_helmet":1,"minecraft:stone_brick_slab":25,"minecraft:iron_axe":94,"iceandfire:armor_blue_chestplate":1,"minecraft:iron_boots":2,"minecraft:light_gray_wool":1,"minecraft:goat_horn":4,"comforts:sleeping_bag_white":1,"minecraft:cooked_beef":21,"minecraft:cobbled_deepslate":206,"minecraft:iron_leggings":2,"minecraft:cooked_mutton":13,"minecraft:water_bucket":45,"minecraft:cobblestone_slab":4,"minecraft:mossy_cobblestone":1,"minecraft:crafting_table":33,"minecraft:white_bed":4,"minecraft:warped_planks":3,"minecraft:spruce_log":1,"mowziesmobs:wrought_axe":7,"minecraft:diamond_pickaxe":365,"minecraft:iron_pickaxe":1084,"minecraft:golden_leggings":1,"minecraft:stone_axe":158,"minecraft:cobblestone":188,"minecraft:cooked_porkchop":15,"minecraft:bucket":49,"toughasnails:purified_water_canteen":78,"minecraft:smooth_stone":1},"minecraft:custom":{"minecraft:interact_with_crafting_table":128,"goblintraders:trade_with_goblin":74,"minecraft:bell_ring":43,"minecraft:leave_game":8,"minecraft:time_since_death":5371,"minecraft:sprint_one_cm":1431880,"minecraft:damage_blocked_by_shield":2890,"minecraft:drop":309,"minecraft:talked_to_villager":3,"minecraft:play_time":562503,"minecraft:deaths":24,"minecraft:jump":7120,"minecraft:walk_on_water_one_cm":47983,"minecraft:enchant_item":3,"minecraft:interact_with_furnace":149,"minecraft:sleep_in_bed":13,"minecraft:waystone_activated":8,"minecraft:damage_dealt":35514,"minecraft:player_kills":2,"minecraft:crouch_one_cm":69858,"minecraft:mob_kills":173,"minecraft:climb_one_cm":8020,"minecraft:walk_one_cm":1282947,"minecraft:sneak_time":21594,"minecraft:walk_under_water_one_cm":25192,"minecraft:total_world_time":562503,"minecraft:time_since_rest":5423,"minecraft:damage_absorbed":256,"minecraft:damage_taken":2147483647,"minecraft:trigger_trapped_chest":3,"minecraft:swim_one_cm":107829,"minecraft:fly_one_cm":1423744,"minecraft:open_chest":303,"minecraft:fall_one_cm":175630},"minecraft:crafted":{"minecraft:oak_planks":196,"minecraft:cobblestone_slab":6,"iceandfire:armor_sapphire_chestplate":1,"usefulbackpacks:backpack_small":2,"minecraft:cooked_mutton":35,"minecraft:warped_planks":76,"minecraft:glass":14,"iceandfire:armor_silver_metal_chestplate":2,"minecraft:bow":5,"minecraft:iron_boots":5,"iceandfire:armor_silver_metal_leggings":3,"minecraft:chest":4,"minecraft:golden_boots":2,"minecraft:diamond_axe":2,"minecraft:crafting_table":14,"minecraft:spruce_planks":92,"minecraft:iron_helmet":4,"minecraft:wooden_pickaxe":3,"minecraft:gold_block":8,"minecraft:birch_planks":4,"minecraft:diamond_pickaxe":2,"minecraft:golden_leggings":2,"minecraft:charcoal":30,"minecraft:iron_chestplate":6,"minecraft:yellow_dye":1,"toughasnails:water_purifier":2,"minecraft:shield":8,"minecraft:stick":112,"usefulbackpacks:backpack_large":1,"minecraft:iron_ingot":288,"minecraft:iron_pickaxe":8,"minecraft:stone_sword":3,"minecraft:gold_ingot":138,"iceandfire:armor_sapphire_boots":1,"iceandfire:armor_bronze_helmet":1,"toughasnails:empty_canteen":7,"minecraft:wooden_sword":1,"minecraft:oak_door":3,"minecraft:raw_iron":9,"chococraft:chocobo_drumstick_cooked":4,"minecraft:golden_chestplate":2,"comforts:sleeping_bag_white":1,"minecraft:furnace":6,"iceandfire:armor_sapphire_leggings":1,"minecraft:iron_axe":2,"minecraft:stone_pickaxe":5,"usefulbackpacks:backpack_medium":2,"iceandfire:armor_bronze_chestplate":1,"iceandfire:armor_silver_metal_boots":3,"minecraft:golden_helmet":2,"minecraft:minecart":2,"minecraft:wheat":81,"minecraft:cooked_beef":26,"minecraft:diamond_sword":2,"iceandfire:silver_ingot":62,"iceandfire:armor_bronze_boots":1,"minecraft:iron_sword":3,"minecraft:bucket":2,"minecraft:stone_axe":2,"minecraft:bread":28,"minecraft:air":0,"iceandfire:armor_silver_metal_helmet":2,"minecraft:white_wool":3,"minecraft:golden_apple":5,"minecraft:iron_leggings":5,"chococraft:chocobo_saddle":1,"minecraft:white_bed":4,"iceandfire:armor_bronze_leggings":1,"minecraft:torch":128},"minecraft:picked_up":{"minecraft:iron_chestplate":11,"chococraft:loverly_gysahl_green":7,"minecraft:wheat":7,"endrem:corrupted_eye":2,"minecraft:lead":4,"minecraft:diamond_sword":6,"minecraft:enchanted_book":3,"minecraft:amethyst_block":20,"iceandfire:manuscript":22,"minecraft:string":50,"minecraft:raw_copper":33,"minecraft:iron_leggings":9,"minecraft:experience_bottle":2,"minecraft:smooth_stone":1,"minecraft:gold_nugget":595,"minecraft:cobbled_deepslate":586,"minecraft:bucket":1,"comforts:sleeping_bag_white":3,"minecraft:spruce_planks":54,"toughasnails:leaf_boots":1,"minecraft:cobblestone_slab":2,"minecraft:calcite":6,"minecraft:iron_pickaxe":15,"toughasnails:wool_helmet":3,"minecraft:furnace":25,"minecraft:iron_boots":7,"minecraft:golden_helmet":2,"minecraft:stick":19,"minecraft:torch":235,"iceandfire:armor_bronze_chestplate":4,"minecraft:pointed_dripstone":12,"minecraft:diorite":15,"minecraft:warped_planks":23,"minecraft:golden_chestplate":1,"minecraft:goat_horn":2,"iceandfire:armor_silver_metal_boots":1,"minecraft:brown_carpet":12,"minecraft:stone_sword":2,"minecraft:rotten_flesh":50,"iceandfire:fire_dragon_heart":1,"chococraft:chocobo_drumstick_raw":2,"minecraft:iron_bars":7,"minecraft:cobblestone":864,"minecraft:birch_log":25,"minecraft:cooked_beef":94,"minecraft:water_bucket":4,"minecraft:andesite":30,"minecraft:golden_leggings":3,"minecraft:potato":26,"paraglider:spirit_orb":17,"minecraft:tuff":15,"minecraft:stripped_spruce_wood":4,"minecraft:lapis_lazuli":109,"iceandfire:dragonscales_bronze":24,"minecraft:dirt":81,"minecraft:name_tag":4,"minecraft:leather_boots":4,"minecraft:bone":102,"minecraft:bow":9,"minecraft:wheat_seeds":141,"minecraft:raw_gold":72,"minecraft:mossy_stone_bricks":14,"minecraft:oak_planks":122,"toughasnails:purified_water_canteen":7,"minecraft:cooked_porkchop":269,"iceandfire:dragonscales_sapphire":22,"iceandfire:dragon_skull_fire":1,"iceandfire:shiny_scales":2,"minecraft:sand":32,"iceandfire:armor_blue_chestplate":1,"minecraft:stripped_spruce_log":12,"minecraft:mossy_cobblestone":1,"iceandfire:chared_cobblestone":11,"minecraft:iron_hoe":2,"toughasnails:water_purifier":5,"toughasnails:water_canteen":2,"minecraft:diamond":23,"minecraft:lever":4,"waystones:waystone":2,"iceandfire:dragon_ice":1,"minecraft:cracked_polished_blackstone_bricks":2,"minecraft:crossbow":2,"minecraft:granite":39,"minecraft:golden_apple":42,"minecraft:emerald":29,"minecraft:chainmail_helmet":3,"minecraft:bread":115,"iceandfire:gorgon_head":1,"minecraft:netherrack":58,"minecraft:oak_sapling":4,"iceandfire:silver_nugget":561,"iceandfire:raw_silver":7,"minecraft:diamond_pickaxe":9,"minecraft:charcoal":42,"minecraft:crafting_table":27,"minecraft:azure_bluet":1,"minecraft:leather_leggings":3,"minecraft:packed_ice":5,"minecraft:wooden_pickaxe":1,"minecraft:gold_block":3,"usefulbackpacks:backpack_medium":6,"minecraft:diamond_horse_armor":2,"iceandfire:frozen_cobblestone":1,"toughasnails:wool_boots":3,"minecraft:shield":20,"toughasnails:wool_chestplate":4,"minecraft:iron_axe":7,"minecraft:wooden_sword":2,"minecraft:white_carpet":7,"minecraft:iron_shovel":1,"minecraft:cracked_stone_bricks":22,"usefulbackpacks:backpack_small":10,"minecraft:netherite_sword":1,"minecraft:beef":46,"iceandfire:armor_silver_metal_leggings":4,"minecraft:poppy":2,"minecraft:light_gray_wool":2,"minecraft:minecart":1,"minecraft:sugar_cane":15,"iceandfire:ice_dragon_heart":1,"minecraft:egg":2,"minecraft:raw_iron":338,"iceandfire:dragonbone":21,"minecraft:spruce_fence":1,"minecraft:polished_blackstone_bricks":10,"minecraft:cookie":3,"minecraft:redstone":52,"iceandfire:dragon_skull_ice":1,"toughasnails:empty_canteen":9,"iceandfire:cyclops_eye":1,"minecraft:arrow":843,"minecraft:deepslate_bricks":8,"minecraft:hay_block":9,"iceandfire:armor_sapphire_boots":4,"minecraft:saddle":5,"minecraft:gold_ingot":38,"minecraft:rail":4,"minecraft:mutton":87,"minecraft:skeleton_skull":2,"minecraft:white_wool":44,"minecraft:lime_bed":1,"minecraft:glow_ink_sac":2,"toughasnails:wool_leggings":3,"minecraft:leather":50,"iceandfire:armor_sapphire_leggings":4,"minecraft:birch_planks":2,"minecraft:oak_log":74,"minecraft:golden_boots":3,"minecraft:gunpowder":1,"mowziesmobs:wrought_axe":3,"mca:book_romance":2,"minecraft:blue_bed":7,"minecraft:white_banner":5,"minecraft:cooked_mutton":32,"chococraft:chocobo_feather":4,"chococraft:gysahl_green":197,"minecraft:apple":13,"minecraft:stone_bricks":24,"chococraft:gold_gysahl":11,"minecraft:warped_stem":129,"iceandfire:armor_silver_metal_helmet":3,"minecraft:rabbit_hide":4,"minecraft:iron_ingot":107,"minecraft:stone_pickaxe":1,"minecraft:cobweb":7,"minecraft:iron_sword":16,"iceandfire:fire_dragon_flesh":1,"toughasnails:leaf_chestplate":1,"iceandfire:chared_stone":16,"minecraft:smooth_basalt":7,"minecraft:dark_oak_slab":2,"iceandfire:armor_bronze_helmet":3,"minecraft:stone_brick_slab":25,"minecraft:dandelion":4,"minecraft:dripstone_block":12,"minecraft:raw_iron_block":1,"minecraft:gravel":3,"mowziesmobs:wrought_helmet":2,"minecraft:amethyst_shard":68,"chococraft:gysahl_green_seeds":49,"minecraft:white_bed":2,"minecraft:spruce_log":14,"minecraft:spider_eye":12,"usefulbackpacks:backpack_large":2,"minecraft:stone_axe":6,"iceandfire:silver_sword":1,"minecraft:diamond_axe":2,"minecraft:iron_helmet":8,"iceandfire:ice_dragon_flesh":1,"minecraft:warped_roots":1,"minecraft:melon_seeds":4,"minecraft:coal":359,"minecraft:ender_pearl":1},"minecraft:dropped":{"iceandfire:chared_stone":3,"minecraft:warped_stem":26,"minecraft:iron_sword":7,"iceandfire:raw_silver":3,"minecraft:birch_planks":1,"minecraft:lapis_lazuli":13,"minecraft:cooked_beef":11,"minecraft:glow_ink_sac":2,"minecraft:ender_pearl":1,"minecraft:diamond":3,"minecraft:cooked_porkchop":111,"minecraft:dark_oak_slab":1,"minecraft:warped_roots":1,"toughasnails:wool_boots":2,"minecraft:rail":1,"paraglider:spirit_orb":1,"minecraft:cracked_polished_blackstone_bricks":1,"minecraft:dirt":28,"minecraft:packed_ice":5,"iceandfire:armor_silver_metal_leggings":6,"minecraft:mutton":2,"usefulbackpacks:backpack_small":6,"minecraft:wooden_sword":1,"minecraft:gold_nugget":5,"minecraft:sand":16,"minecraft:polished_blackstone_bricks":3,"minecraft:iron_pickaxe":11,"iceandfire:armor_silver_metal_helmet":4,"minecraft:birch_log":6,"minecraft:white_wool":1,"toughasnails:wool_chestplate":3,"minecraft:gold_ingot":23,"minecraft:bone":4,"minecraft:oak_door":1,"minecraft:stone_axe":4,"minecraft:lever":4,"minecraft:golden_chestplate":1,"minecraft:cobbled_deepslate":13,"minecraft:netherite_sword":1,"minecraft:wheat":2,"minecraft:rotten_flesh":30,"minecraft:oak_planks":8,"minecraft:cooked_mutton":2,"minecraft:poppy":2,"minecraft:rabbit_hide":4,"iceandfire:armor_silver_metal_boots":4,"minecraft:gunpowder":1,"minecraft:melon_seeds":4,"minecraft:leather_boots":3,"minecraft:leather_leggings":1,"minecraft:iron_bars":2,"minecraft:arrow":283,"iceandfire:armor_bronze_leggings":1,"minecraft:iron_ingot":36,"minecraft:golden_boots":2,"minecraft:bread":3,"toughasnails:water_canteen":1,"minecraft:wheat_seeds":108,"minecraft:golden_helmet":1,"chococraft:gold_gysahl":1,"minecraft:golden_horse_armor":1,"minecraft:minecart":1,"minecraft:dripstone_block":10,"toughasnails:wool_helmet":2,"minecraft:iron_helmet":6,"minecraft:cobblestone":78,"chococraft:gysahl_green_seeds":40,"minecraft:granite":9,"minecraft:chainmail_helmet":1,"minecraft:coal":3,"minecraft:golden_apple":1,"mowziesmobs:wrought_axe":3,"minecraft:stick":8,"minecraft:diamond_horse_armor":1,"minecraft:diorite":1,"minecraft:torch":18,"iceandfire:silver_sword":2,"chococraft:chocobo_drumstick_raw":1,"iceandfire:armor_silver_metal_chestplate":2,"minecraft:iron_leggings":5,"mowziesmobs:wrought_helmet":2,"toughasnails:purified_water_canteen":2,"minecraft:white_banner":2,"minecraft:dandelion":1,"minecraft:string":6,"minecraft:bucket":2,"minecraft:smooth_basalt":7,"minecraft:redstone":9,"iceandfire:frozen_cobblestone":1,"iceandfire:silver_nugget":2,"toughasnails:empty_canteen":8,"minecraft:stone_sword":3,"minecraft:raw_copper":12,"minecraft:tuff":1,"minecraft:white_carpet":7,"iceandfire:armor_bronze_boots":1,"minecraft:iron_boots":5,"minecraft:spruce_fence":1,"minecraft:deepslate_bricks":8,"iceandfire:dragon_ice":1,"minecraft:diamond_sword":1,"minecraft:potato":6,"minecraft:shield":9,"minecraft:spruce_planks":1,"minecraft:diamond_pickaxe":3,"minecraft:iron_chestplate":6,"minecraft:andesite":1,"minecraft:golden_leggings":1,"minecraft:oak_sapling":2,"toughasnails:wool_leggings":2,"minecraft:spider_eye":6,"minecraft:stone_bricks":3,"minecraft:brown_carpet":4,"minecraft:wooden_pickaxe":1,"minecraft:stone_pickaxe":1,"minecraft:bow":7,"minecraft:raw_gold":19,"minecraft:calcite":6,"chococraft:gysahl_green":6},"minecraft:killed":{"minecraft:cave_spider":1,"iceandfire:gorgon":1,"minecraft:spider":19,"minecraft:skeleton":27,"minecraft:piglin_brute":2,"minecraft:magma_cube":1,"minecraft:wolf":1,"minecraft:iron_golem":2,"minecraft:creeper":6,"minecraft:sheep":21,"minecraft:trader_llama":1,"minecraft:pillager":15,"minecraft:zombie":34,"minecraft:cow":14,"chococraft:chocobo":2,"minecraft:vindicator":1,"minecraft:horse":7,"mowziesmobs:ferrous_wroughtnaut":1,"goblintraders:goblin_trader":1,"iceandfire:hippocampus":1,"iceandfire:cyclops":1,"minecraft:bat":1,"minecraft:ravager":1,"minecraft:villager":1,"minecraft:enderman":3},"minecraft:killed_by":{"iceandfire:ice_dragon":1,"iceandfire:fire_dragon":3,"minecraft:spider":1,"minecraft:iron_golem":1,"mowziesmobs:ferrous_wroughtnaut":3,"iceandfire:gorgon":2,"minecraft:skeleton":2,"iceandfire:ghost":2}},"DataVersion":3465}